date,category,accident_type,year,month,value
2000-01-01,Fluchtunfälle,Verletzte und Getötete,2000,1,34
2000-01-01,Verkehrsunfälle,mit Personenschäden,2000,1,321
2000-01-01,Alkoholunfälle,insgesamt,2000,1,78
2000-01-01,Fluchtunfälle,insgesamt,2000,1,835
2000-01-01,Verkehrsunfälle,insgesamt,2000,1,3448
2000-01-01,Verkehrsunfälle,Verletzte und Getötete,2000,1,434
2000-01-01,Alkoholunfälle,Verletzte und Getötete,2000,1,37
2000-02-01,Alkoholunfälle,insgesamt,2000,2,53
2000-02-01,Verkehrsunfälle,mit Personenschäden,2000,2,329
2000-02-01,Fluchtunfälle,Verletzte und Getötete,2000,2,35
2000-02-01,Fluchtunfälle,insgesamt,2000,2,890
2000-02-01,Alkoholunfälle,Verletzte und Getötete,2000,2,19
2000-02-01,Verkehrsunfälle,insgesamt,2000,2,3181
2000-02-01,Verkehrsunfälle,Verletzte und Getötete,2000,2,419
2000-03-01,Alkoholunfälle,insgesamt,2000,3,73
2000-03-01,Verkehrsunfälle,insgesamt,2000,3,3783
2000-03-01,Fluchtunfälle,Verletzte und Getötete,2000,3,48
2000-03-01,Alkoholunfälle,Verletzte und Getötete,2000,3,18
2000-03-01,Verkehrsunfälle,Verletzte und Getötete,2000,3,509
2000-03-01,Verkehrsunfälle,mit Personenschäden,2000,3,414
2000-03-01,Fluchtunfälle,insgesamt,2000,3,974
2000-04-01,Alkoholunfälle,insgesamt,2000,4,78
2000-04-01,Fluchtunfälle,Verletzte und Getötete,2000,4,57
2000-04-01,Fluchtunfälle,insgesamt,2000,4,834
2000-04-01,Verkehrsunfälle,Verletzte und Getötete,2000,4,557
2000-04-01,Verkehrsunfälle,insgesamt,2000,4,3317
2000-04-01,Verkehrsunfälle,mit Personenschäden,2000,4,441
2000-04-01,Alkoholunfälle,Verletzte und Getötete,2000,4,26
2000-05-01,Fluchtunfälle,insgesamt,2000,5,1086
2000-05-01,Verkehrsunfälle,Verletzte und Getötete,2000,5,675
2000-05-01,Verkehrsunfälle,mit Personenschäden,2000,5,568
2000-05-01,Alkoholunfälle,insgesamt,2000,5,96
2000-05-01,Verkehrsunfälle,insgesamt,2000,5,4123
2000-05-01,Fluchtunfälle,Verletzte und Getötete,2000,5,69
2000-05-01,Alkoholunfälle,Verletzte und Getötete,2000,5,44
2000-06-01,Verkehrsunfälle,Verletzte und Getötete,2000,6,685
2000-06-01,Verkehrsunfälle,insgesamt,2000,6,3329
2000-06-01,Fluchtunfälle,Verletzte und Getötete,2000,6,58
2000-06-01,Alkoholunfälle,insgesamt,2000,6,57
2000-06-01,Verkehrsunfälle,mit Personenschäden,2000,6,555
2000-06-01,Alkoholunfälle,Verletzte und Getötete,2000,6,32
2000-06-01,Fluchtunfälle,insgesamt,2000,6,842
2000-07-01,Alkoholunfälle,insgesamt,2000,7,99
2000-07-01,Verkehrsunfälle,mit Personenschäden,2000,7,610
2000-07-01,Fluchtunfälle,Verletzte und Getötete,2000,7,67
2000-07-01,Verkehrsunfälle,Verletzte und Getötete,2000,7,744
2000-07-01,Alkoholunfälle,Verletzte und Getötete,2000,7,37
2000-07-01,Verkehrsunfälle,insgesamt,2000,7,4282
2000-07-01,Fluchtunfälle,insgesamt,2000,7,1102
2000-08-01,Alkoholunfälle,Verletzte und Getötete,2000,8,32
2000-08-01,Alkoholunfälle,insgesamt,2000,8,77
2000-08-01,Verkehrsunfälle,mit Personenschäden,2000,8,525
2000-08-01,Fluchtunfälle,Verletzte und Getötete,2000,8,74
2000-08-01,Verkehrsunfälle,Verletzte und Getötete,2000,8,647
2000-08-01,Verkehrsunfälle,insgesamt,2000,8,3387
2000-08-01,Fluchtunfälle,insgesamt,2000,8,881
2000-09-01,Verkehrsunfälle,mit Personenschäden,2000,9,557
2000-09-01,Verkehrsunfälle,insgesamt,2000,9,3807
2000-09-01,Fluchtunfälle,insgesamt,2000,9,978
2000-09-01,Alkoholunfälle,insgesamt,2000,9,84
2000-09-01,Verkehrsunfälle,Verletzte und Getötete,2000,9,675
2000-09-01,Fluchtunfälle,Verletzte und Getötete,2000,9,68
2000-09-01,Alkoholunfälle,Verletzte und Getötete,2000,9,45
2000-10-01,Alkoholunfälle,insgesamt,2000,10,83
2000-10-01,Verkehrsunfälle,Verletzte und Getötete,2000,10,615
2000-10-01,Verkehrsunfälle,mit Personenschäden,2000,10,493
2000-10-01,Verkehrsunfälle,insgesamt,2000,10,4117
2000-10-01,Alkoholunfälle,Verletzte und Getötete,2000,10,31
2000-10-01,Fluchtunfälle,Verletzte und Getötete,2000,10,47
2000-10-01,Fluchtunfälle,insgesamt,2000,10,1078
2000-11-01,Alkoholunfälle,insgesamt,2000,11,71
2000-11-01,Verkehrsunfälle,Verletzte und Getötete,2000,11,578
2000-11-01,Alkoholunfälle,Verletzte und Getötete,2000,11,24
2000-11-01,Fluchtunfälle,insgesamt,2000,11,1017
2000-11-01,Verkehrsunfälle,insgesamt,2000,11,3931
2000-11-01,Fluchtunfälle,Verletzte und Getötete,2000,11,56
2000-11-01,Verkehrsunfälle,mit Personenschäden,2000,11,461
2000-12-01,Verkehrsunfälle,mit Personenschäden,2000,12,403
2000-12-01,Fluchtunfälle,insgesamt,2000,12,950
2000-12-01,Verkehrsunfälle,Verletzte und Getötete,2000,12,515
2000-12-01,Fluchtunfälle,Verletzte und Getötete,2000,12,45
2000-12-01,Verkehrsunfälle,insgesamt,2000,12,3789
2000-12-01,Alkoholunfälle,Verletzte und Getötete,2000,12,31
2000-12-01,Alkoholunfälle,insgesamt,2000,12,85
2001-01-01,Verkehrsunfälle,insgesamt,2001,1,3348
2001-01-01,Verkehrsunfälle,mit Personenschäden,2001,1,354
2001-01-01,Verkehrsunfälle,Verletzte und Getötete,2001,1,448
2001-01-01,Fluchtunfälle,insgesamt,2001,1,871
2001-01-01,Alkoholunfälle,insgesamt,2001,1,66
2001-01-01,Fluchtunfälle,Verletzte und Getötete,2001,1,44
2001-01-01,Alkoholunfälle,Verletzte und Getötete,2001,1,36
2001-02-01,Verkehrsunfälle,Verletzte und Getötete,2001,2,439
2001-02-01,Verkehrsunfälle,mit Personenschäden,2001,2,343
2001-02-01,Alkoholunfälle,insgesamt,2001,2,49
2001-02-01,Alkoholunfälle,Verletzte und Getötete,2001,2,20
2001-02-01,Verkehrsunfälle,insgesamt,2001,2,3148
2001-02-01,Fluchtunfälle,insgesamt,2001,2,820
2001-02-01,Fluchtunfälle,Verletzte und Getötete,2001,2,51
2001-03-01,Verkehrsunfälle,Verletzte und Getötete,2001,3,535
2001-03-01,Alkoholunfälle,Verletzte und Getötete,2001,3,36
2001-03-01,Verkehrsunfälle,mit Personenschäden,2001,3,426
2001-03-01,Fluchtunfälle,Verletzte und Getötete,2001,3,43
2001-03-01,Fluchtunfälle,insgesamt,2001,3,962
2001-03-01,Alkoholunfälle,insgesamt,2001,3,63
2001-03-01,Verkehrsunfälle,insgesamt,2001,3,3970
2001-04-01,Fluchtunfälle,Verletzte und Getötete,2001,4,68
2001-04-01,Verkehrsunfälle,mit Personenschäden,2001,4,454
2001-04-01,Verkehrsunfälle,insgesamt,2001,4,3565
2001-04-01,Verkehrsunfälle,Verletzte und Getötete,2001,4,578
2001-04-01,Fluchtunfälle,insgesamt,2001,4,897
2001-04-01,Alkoholunfälle,insgesamt,2001,4,68
2001-04-01,Alkoholunfälle,Verletzte und Getötete,2001,4,32
2001-05-01,Alkoholunfälle,Verletzte und Getötete,2001,5,32
2001-05-01,Verkehrsunfälle,insgesamt,2001,5,4128
2001-05-01,Fluchtunfälle,insgesamt,2001,5,1081
2001-05-01,Verkehrsunfälle,mit Personenschäden,2001,5,655
2001-05-01,Alkoholunfälle,insgesamt,2001,5,85
2001-05-01,Verkehrsunfälle,Verletzte und Getötete,2001,5,817
2001-05-01,Fluchtunfälle,Verletzte und Getötete,2001,5,67
2001-06-01,Fluchtunfälle,insgesamt,2001,6,905
2001-06-01,Verkehrsunfälle,mit Personenschäden,2001,6,560
2001-06-01,Alkoholunfälle,Verletzte und Getötete,2001,6,46
2001-06-01,Verkehrsunfälle,Verletzte und Getötete,2001,6,679
2001-06-01,Alkoholunfälle,insgesamt,2001,6,68
2001-06-01,Verkehrsunfälle,insgesamt,2001,6,3715
2001-06-01,Fluchtunfälle,Verletzte und Getötete,2001,6,78
2001-07-01,Verkehrsunfälle,insgesamt,2001,7,4288
2001-07-01,Alkoholunfälle,Verletzte und Getötete,2001,7,35
2001-07-01,Verkehrsunfälle,Verletzte und Getötete,2001,7,921
2001-07-01,Fluchtunfälle,Verletzte und Getötete,2001,7,83
2001-07-01,Fluchtunfälle,insgesamt,2001,7,1047
2001-07-01,Verkehrsunfälle,mit Personenschäden,2001,7,755
2001-07-01,Alkoholunfälle,insgesamt,2001,7,71
2001-08-01,Alkoholunfälle,insgesamt,2001,8,60
2001-08-01,Verkehrsunfälle,Verletzte und Getötete,2001,8,600
2001-08-01,Verkehrsunfälle,insgesamt,2001,8,3351
2001-08-01,Alkoholunfälle,Verletzte und Getötete,2001,8,21
2001-08-01,Fluchtunfälle,Verletzte und Getötete,2001,8,57
2001-08-01,Verkehrsunfälle,mit Personenschäden,2001,8,510
2001-08-01,Fluchtunfälle,insgesamt,2001,8,814
2001-09-01,Verkehrsunfälle,Verletzte und Getötete,2001,9,643
2001-09-01,Alkoholunfälle,Verletzte und Getötete,2001,9,48
2001-09-01,Verkehrsunfälle,mit Personenschäden,2001,9,497
2001-09-01,Fluchtunfälle,insgesamt,2001,9,953
2001-09-01,Fluchtunfälle,Verletzte und Getötete,2001,9,40
2001-09-01,Alkoholunfälle,insgesamt,2001,9,107
2001-09-01,Verkehrsunfälle,insgesamt,2001,9,3939
2001-10-01,Fluchtunfälle,insgesamt,2001,10,1104
2001-10-01,Fluchtunfälle,Verletzte und Getötete,2001,10,85
2001-10-01,Verkehrsunfälle,Verletzte und Getötete,2001,10,717
2001-10-01,Verkehrsunfälle,insgesamt,2001,10,4250
2001-10-01,Alkoholunfälle,insgesamt,2001,10,77
2001-10-01,Alkoholunfälle,Verletzte und Getötete,2001,10,37
2001-10-01,Verkehrsunfälle,mit Personenschäden,2001,10,581
2001-11-01,Alkoholunfälle,insgesamt,2001,11,68
2001-11-01,Verkehrsunfälle,insgesamt,2001,11,4022
2001-11-01,Verkehrsunfälle,Verletzte und Getötete,2001,11,568
2001-11-01,Verkehrsunfälle,mit Personenschäden,2001,11,436
2001-11-01,Fluchtunfälle,Verletzte und Getötete,2001,11,32
2001-11-01,Alkoholunfälle,Verletzte und Getötete,2001,11,25
2001-11-01,Fluchtunfälle,insgesamt,2001,11,1001
2001-12-01,Alkoholunfälle,insgesamt,2001,12,66
2001-12-01,Verkehrsunfälle,Verletzte und Getötete,2001,12,507
2001-12-01,Fluchtunfälle,insgesamt,2001,12,941
2001-12-01,Verkehrsunfälle,insgesamt,2001,12,3989
2001-12-01,Verkehrsunfälle,mit Personenschäden,2001,12,377
2001-12-01,Alkoholunfälle,Verletzte und Getötete,2001,12,23
2001-12-01,Fluchtunfälle,Verletzte und Getötete,2001,12,39
2002-01-01,Fluchtunfälle,insgesamt,2002,1,852
2002-01-01,Fluchtunfälle,Verletzte und Getötete,2002,1,36
2002-01-01,Alkoholunfälle,Verletzte und Getötete,2002,1,24
2002-01-01,Alkoholunfälle,insgesamt,2002,1,44
2002-01-01,Verkehrsunfälle,Verletzte und Getötete,2002,1,431
2002-01-01,Verkehrsunfälle,insgesamt,2002,1,3063
2002-01-01,Verkehrsunfälle,mit Personenschäden,2002,1,328
2002-02-01,Fluchtunfälle,insgesamt,2002,2,817
2002-02-01,Verkehrsunfälle,insgesamt,2002,2,2892
2002-02-01,Fluchtunfälle,Verletzte und Getötete,2002,2,33
2002-02-01,Alkoholunfälle,Verletzte und Getötete,2002,2,22
2002-02-01,Verkehrsunfälle,mit Personenschäden,2002,2,316
2002-02-01,Alkoholunfälle,insgesamt,2002,2,49
2002-02-01,Verkehrsunfälle,Verletzte und Getötete,2002,2,393
2002-03-01,Alkoholunfälle,insgesamt,2002,3,61
2002-03-01,Verkehrsunfälle,insgesamt,2002,3,3380
2002-03-01,Verkehrsunfälle,Verletzte und Getötete,2002,3,520
2002-03-01,Alkoholunfälle,Verletzte und Getötete,2002,3,21
2002-03-01,Fluchtunfälle,Verletzte und Getötete,2002,3,39
2002-03-01,Verkehrsunfälle,mit Personenschäden,2002,3,414
2002-03-01,Fluchtunfälle,insgesamt,2002,3,897
2002-04-01,Alkoholunfälle,insgesamt,2002,4,65
2002-04-01,Alkoholunfälle,Verletzte und Getötete,2002,4,28
2002-04-01,Fluchtunfälle,Verletzte und Getötete,2002,4,37
2002-04-01,Verkehrsunfälle,insgesamt,2002,4,3142
2002-04-01,Verkehrsunfälle,Verletzte und Getötete,2002,4,521
2002-04-01,Fluchtunfälle,insgesamt,2002,4,784
2002-04-01,Verkehrsunfälle,mit Personenschäden,2002,4,432
2002-05-01,Verkehrsunfälle,Verletzte und Getötete,2002,5,654
2002-05-01,Alkoholunfälle,insgesamt,2002,5,58
2002-05-01,Fluchtunfälle,Verletzte und Getötete,2002,5,73
2002-05-01,Verkehrsunfälle,mit Personenschäden,2002,5,537
2002-05-01,Alkoholunfälle,Verletzte und Getötete,2002,5,32
2002-05-01,Fluchtunfälle,insgesamt,2002,5,857
2002-05-01,Verkehrsunfälle,insgesamt,2002,5,3731
2002-06-01,Verkehrsunfälle,Verletzte und Getötete,2002,6,833
2002-06-01,Alkoholunfälle,insgesamt,2002,6,74
2002-06-01,Alkoholunfälle,Verletzte und Getötete,2002,6,42
2002-06-01,Verkehrsunfälle,mit Personenschäden,2002,6,675
2002-06-01,Fluchtunfälle,Verletzte und Getötete,2002,6,74
2002-06-01,Verkehrsunfälle,insgesamt,2002,6,3586
2002-06-01,Fluchtunfälle,insgesamt,2002,6,987
2002-07-01,Fluchtunfälle,insgesamt,2002,7,1026
2002-07-01,Alkoholunfälle,Verletzte und Getötete,2002,7,40
2002-07-01,Alkoholunfälle,insgesamt,2002,7,84
2002-07-01,Fluchtunfälle,Verletzte und Getötete,2002,7,72
2002-07-01,Verkehrsunfälle,Verletzte und Getötete,2002,7,865
2002-07-01,Verkehrsunfälle,insgesamt,2002,7,3960
2002-07-01,Verkehrsunfälle,mit Personenschäden,2002,7,711
2002-08-01,Alkoholunfälle,insgesamt,2002,8,71
2002-08-01,Verkehrsunfälle,insgesamt,2002,8,3007
2002-08-01,Fluchtunfälle,insgesamt,2002,8,785
2002-08-01,Alkoholunfälle,Verletzte und Getötete,2002,8,29
2002-08-01,Verkehrsunfälle,mit Personenschäden,2002,8,479
2002-08-01,Verkehrsunfälle,Verletzte und Getötete,2002,8,601
2002-08-01,Fluchtunfälle,Verletzte und Getötete,2002,8,50
2002-09-01,Fluchtunfälle,insgesamt,2002,9,1039
2002-09-01,Fluchtunfälle,Verletzte und Getötete,2002,9,77
2002-09-01,Verkehrsunfälle,Verletzte und Getötete,2002,9,621
2002-09-01,Verkehrsunfälle,mit Personenschäden,2002,9,509
2002-09-01,Verkehrsunfälle,insgesamt,2002,9,3436
2002-09-01,Alkoholunfälle,insgesamt,2002,9,107
2002-09-01,Alkoholunfälle,Verletzte und Getötete,2002,9,51
2002-10-01,Verkehrsunfälle,insgesamt,2002,10,3859
2002-10-01,Alkoholunfälle,Verletzte und Getötete,2002,10,53
2002-10-01,Fluchtunfälle,insgesamt,2002,10,1019
2002-10-01,Alkoholunfälle,insgesamt,2002,10,83
2002-10-01,Verkehrsunfälle,Verletzte und Getötete,2002,10,630
2002-10-01,Fluchtunfälle,Verletzte und Getötete,2002,10,49
2002-10-01,Verkehrsunfälle,mit Personenschäden,2002,10,467
2002-11-01,Verkehrsunfälle,insgesamt,2002,11,3529
2002-11-01,Fluchtunfälle,Verletzte und Getötete,2002,11,50
2002-11-01,Fluchtunfälle,insgesamt,2002,11,882
2002-11-01,Alkoholunfälle,insgesamt,2002,11,44
2002-11-01,Alkoholunfälle,Verletzte und Getötete,2002,11,10
2002-11-01,Verkehrsunfälle,Verletzte und Getötete,2002,11,563
2002-11-01,Verkehrsunfälle,mit Personenschäden,2002,11,448
2002-12-01,Verkehrsunfälle,mit Personenschäden,2002,12,304
2002-12-01,Alkoholunfälle,insgesamt,2002,12,63
2002-12-01,Fluchtunfälle,insgesamt,2002,12,706
2002-12-01,Alkoholunfälle,Verletzte und Getötete,2002,12,27
2002-12-01,Verkehrsunfälle,Verletzte und Getötete,2002,12,394
2002-12-01,Fluchtunfälle,Verletzte und Getötete,2002,12,38
2002-12-01,Verkehrsunfälle,insgesamt,2002,12,3023
2003-01-01,Verkehrsunfälle,mit Personenschäden,2003,1,282
2003-01-01,Verkehrsunfälle,Verletzte und Getötete,2003,1,358
2003-01-01,Verkehrsunfälle,insgesamt,2003,1,3073
2003-01-01,Fluchtunfälle,Verletzte und Getötete,2003,1,21
2003-01-01,Alkoholunfälle,Verletzte und Getötete,2003,1,18
2003-01-01,Alkoholunfälle,insgesamt,2003,1,55
2003-01-01,Fluchtunfälle,insgesamt,2003,1,747
2003-02-01,Fluchtunfälle,Verletzte und Getötete,2003,2,20
2003-02-01,Verkehrsunfälle,mit Personenschäden,2003,2,232
2003-02-01,Verkehrsunfälle,Verletzte und Getötete,2003,2,308
2003-02-01,Verkehrsunfälle,insgesamt,2003,2,2968
2003-02-01,Alkoholunfälle,Verletzte und Getötete,2003,2,16
2003-02-01,Alkoholunfälle,insgesamt,2003,2,44
2003-02-01,Fluchtunfälle,insgesamt,2003,2,572
2003-03-01,Verkehrsunfälle,insgesamt,2003,3,3060
2003-03-01,Verkehrsunfälle,mit Personenschäden,2003,3,374
2003-03-01,Alkoholunfälle,Verletzte und Getötete,2003,3,17
2003-03-01,Fluchtunfälle,Verletzte und Getötete,2003,3,44
2003-03-01,Verkehrsunfälle,Verletzte und Getötete,2003,3,476
2003-03-01,Alkoholunfälle,insgesamt,2003,3,53
2003-03-01,Fluchtunfälle,insgesamt,2003,3,854
2003-04-01,Fluchtunfälle,insgesamt,2003,4,844
2003-04-01,Verkehrsunfälle,Verletzte und Getötete,2003,4,535
2003-04-01,Verkehrsunfälle,insgesamt,2003,4,3106
2003-04-01,Alkoholunfälle,insgesamt,2003,4,50
2003-04-01,Verkehrsunfälle,mit Personenschäden,2003,4,429
2003-04-01,Fluchtunfälle,Verletzte und Getötete,2003,4,30
2003-04-01,Alkoholunfälle,Verletzte und Getötete,2003,4,25
2003-05-01,Verkehrsunfälle,insgesamt,2003,5,3255
2003-05-01,Verkehrsunfälle,Verletzte und Getötete,2003,5,632
2003-05-01,Verkehrsunfälle,mit Personenschäden,2003,5,510
2003-05-01,Alkoholunfälle,Verletzte und Getötete,2003,5,26
2003-05-01,Fluchtunfälle,Verletzte und Getötete,2003,5,56
2003-05-01,Fluchtunfälle,insgesamt,2003,5,763
2003-05-01,Alkoholunfälle,insgesamt,2003,5,65
2003-06-01,Alkoholunfälle,insgesamt,2003,6,82
2003-06-01,Fluchtunfälle,Verletzte und Getötete,2003,6,81
2003-06-01,Fluchtunfälle,insgesamt,2003,6,855
2003-06-01,Verkehrsunfälle,insgesamt,2003,6,3139
2003-06-01,Alkoholunfälle,Verletzte und Getötete,2003,6,41
2003-06-01,Verkehrsunfälle,mit Personenschäden,2003,6,566
2003-06-01,Verkehrsunfälle,Verletzte und Getötete,2003,6,723
2003-07-01,Fluchtunfälle,insgesamt,2003,7,562
2003-07-01,Alkoholunfälle,Verletzte und Getötete,2003,7,35
2003-07-01,Verkehrsunfälle,Verletzte und Getötete,2003,7,644
2003-07-01,Fluchtunfälle,Verletzte und Getötete,2003,7,35
2003-07-01,Verkehrsunfälle,mit Personenschäden,2003,7,538
2003-07-01,Verkehrsunfälle,insgesamt,2003,7,3321
2003-07-01,Alkoholunfälle,insgesamt,2003,7,76
2003-08-01,Verkehrsunfälle,insgesamt,2003,8,2837
2003-08-01,Verkehrsunfälle,Verletzte und Getötete,2003,8,577
2003-08-01,Verkehrsunfälle,mit Personenschäden,2003,8,461
2003-08-01,Alkoholunfälle,insgesamt,2003,8,66
2003-08-01,Fluchtunfälle,insgesamt,2003,8,698
2003-08-01,Alkoholunfälle,Verletzte und Getötete,2003,8,40
2003-08-01,Fluchtunfälle,Verletzte und Getötete,2003,8,41
2003-09-01,Fluchtunfälle,insgesamt,2003,9,945
2003-09-01,Alkoholunfälle,insgesamt,2003,9,63
2003-09-01,Fluchtunfälle,Verletzte und Getötete,2003,9,50
2003-09-01,Verkehrsunfälle,Verletzte und Getötete,2003,9,560
2003-09-01,Verkehrsunfälle,mit Personenschäden,2003,9,452
2003-09-01,Alkoholunfälle,Verletzte und Getötete,2003,9,26
2003-09-01,Verkehrsunfälle,insgesamt,2003,9,3393
2003-10-01,Alkoholunfälle,insgesamt,2003,10,74
2003-10-01,Fluchtunfälle,Verletzte und Getötete,2003,10,47
2003-10-01,Verkehrsunfälle,insgesamt,2003,10,3631
2003-10-01,Verkehrsunfälle,Verletzte und Getötete,2003,10,595
2003-10-01,Verkehrsunfälle,mit Personenschäden,2003,10,466
2003-10-01,Fluchtunfälle,insgesamt,2003,10,960
2003-10-01,Alkoholunfälle,Verletzte und Getötete,2003,10,17
2003-11-01,Verkehrsunfälle,mit Personenschäden,2003,11,359
2003-11-01,Fluchtunfälle,Verletzte und Getötete,2003,11,59
2003-11-01,Verkehrsunfälle,insgesamt,2003,11,3325
2003-11-01,Fluchtunfälle,insgesamt,2003,11,953
2003-11-01,Verkehrsunfälle,Verletzte und Getötete,2003,11,464
2003-11-01,Alkoholunfälle,insgesamt,2003,11,44
2003-11-01,Alkoholunfälle,Verletzte und Getötete,2003,11,31
2003-12-01,Verkehrsunfälle,mit Personenschäden,2003,12,383
2003-12-01,Verkehrsunfälle,insgesamt,2003,12,3527
2003-12-01,Alkoholunfälle,insgesamt,2003,12,58
2003-12-01,Verkehrsunfälle,Verletzte und Getötete,2003,12,493
2003-12-01,Fluchtunfälle,Verletzte und Getötete,2003,12,78
2003-12-01,Alkoholunfälle,Verletzte und Getötete,2003,12,27
2003-12-01,Fluchtunfälle,insgesamt,2003,12,858
2004-01-01,Verkehrsunfälle,Verletzte und Getötete,2004,1,377
2004-01-01,Verkehrsunfälle,insgesamt,2004,1,2969
2004-01-01,Fluchtunfälle,Verletzte und Getötete,2004,1,33
2004-01-01,Verkehrsunfälle,mit Personenschäden,2004,1,286
2004-01-01,Fluchtunfälle,insgesamt,2004,1,828
2004-01-01,Alkoholunfälle,Verletzte und Getötete,2004,1,10
2004-01-01,Alkoholunfälle,insgesamt,2004,1,42
2004-02-01,Verkehrsunfälle,Verletzte und Getötete,2004,2,310
2004-02-01,Verkehrsunfälle,mit Personenschäden,2004,2,240
2004-02-01,Alkoholunfälle,Verletzte und Getötete,2004,2,21
2004-02-01,Fluchtunfälle,insgesamt,2004,2,723
2004-02-01,Fluchtunfälle,Verletzte und Getötete,2004,2,31
2004-02-01,Verkehrsunfälle,insgesamt,2004,2,2728
2004-02-01,Alkoholunfälle,insgesamt,2004,2,48
2004-03-01,Verkehrsunfälle,insgesamt,2004,3,3271
2004-03-01,Fluchtunfälle,Verletzte und Getötete,2004,3,20
2004-03-01,Alkoholunfälle,Verletzte und Getötete,2004,3,18
2004-03-01,Verkehrsunfälle,Verletzte und Getötete,2004,3,403
2004-03-01,Verkehrsunfälle,mit Personenschäden,2004,3,321
2004-03-01,Alkoholunfälle,insgesamt,2004,3,44
2004-03-01,Fluchtunfälle,insgesamt,2004,3,817
2004-04-01,Fluchtunfälle,Verletzte und Getötete,2004,4,39
2004-04-01,Verkehrsunfälle,Verletzte und Getötete,2004,4,461
2004-04-01,Verkehrsunfälle,mit Personenschäden,2004,4,388
2004-04-01,Alkoholunfälle,insgesamt,2004,4,37
2004-04-01,Fluchtunfälle,insgesamt,2004,4,875
2004-04-01,Verkehrsunfälle,insgesamt,2004,4,3183
2004-04-01,Alkoholunfälle,Verletzte und Getötete,2004,4,10
2004-05-01,Verkehrsunfälle,Verletzte und Getötete,2004,5,600
2004-05-01,Alkoholunfälle,Verletzte und Getötete,2004,5,30
2004-05-01,Verkehrsunfälle,insgesamt,2004,5,3378
2004-05-01,Verkehrsunfälle,mit Personenschäden,2004,5,476
2004-05-01,Fluchtunfälle,Verletzte und Getötete,2004,5,41
2004-05-01,Alkoholunfälle,insgesamt,2004,5,55
2004-05-01,Fluchtunfälle,insgesamt,2004,5,867
2004-06-01,Alkoholunfälle,Verletzte und Getötete,2004,6,25
2004-06-01,Fluchtunfälle,Verletzte und Getötete,2004,6,53
2004-06-01,Fluchtunfälle,insgesamt,2004,6,859
2004-06-01,Alkoholunfälle,insgesamt,2004,6,58
2004-06-01,Verkehrsunfälle,mit Personenschäden,2004,6,491
2004-06-01,Verkehrsunfälle,insgesamt,2004,6,3229
2004-06-01,Verkehrsunfälle,Verletzte und Getötete,2004,6,598
2004-07-01,Alkoholunfälle,insgesamt,2004,7,67
2004-07-01,Verkehrsunfälle,insgesamt,2004,7,3760
2004-07-01,Fluchtunfälle,Verletzte und Getötete,2004,7,83
2004-07-01,Verkehrsunfälle,mit Personenschäden,2004,7,646
2004-07-01,Verkehrsunfälle,Verletzte und Getötete,2004,7,811
2004-07-01,Fluchtunfälle,insgesamt,2004,7,970
2004-07-01,Alkoholunfälle,Verletzte und Getötete,2004,7,44
2004-08-01,Alkoholunfälle,Verletzte und Getötete,2004,8,47
2004-08-01,Verkehrsunfälle,Verletzte und Getötete,2004,8,584
2004-08-01,Alkoholunfälle,insgesamt,2004,8,58
2004-08-01,Verkehrsunfälle,insgesamt,2004,8,2926
2004-08-01,Fluchtunfälle,insgesamt,2004,8,784
2004-08-01,Verkehrsunfälle,mit Personenschäden,2004,8,584
2004-08-01,Fluchtunfälle,Verletzte und Getötete,2004,8,48
2004-09-01,Alkoholunfälle,insgesamt,2004,9,79
2004-09-01,Verkehrsunfälle,insgesamt,2004,9,3663
2004-09-01,Fluchtunfälle,insgesamt,2004,9,957
2004-09-01,Fluchtunfälle,Verletzte und Getötete,2004,9,63
2004-09-01,Verkehrsunfälle,mit Personenschäden,2004,9,541
2004-09-01,Verkehrsunfälle,Verletzte und Getötete,2004,9,659
2004-09-01,Alkoholunfälle,Verletzte und Getötete,2004,9,41
2004-10-01,Verkehrsunfälle,mit Personenschäden,2004,10,465
2004-10-01,Verkehrsunfälle,Verletzte und Getötete,2004,10,561
2004-10-01,Alkoholunfälle,insgesamt,2004,10,68
2004-10-01,Verkehrsunfälle,insgesamt,2004,10,3716
2004-10-01,Fluchtunfälle,Verletzte und Getötete,2004,10,40
2004-10-01,Alkoholunfälle,Verletzte und Getötete,2004,10,26
2004-10-01,Fluchtunfälle,insgesamt,2004,10,1022
2004-11-01,Alkoholunfälle,Verletzte und Getötete,2004,11,20
2004-11-01,Verkehrsunfälle,Verletzte und Getötete,2004,11,439
2004-11-01,Alkoholunfälle,insgesamt,2004,11,51
2004-11-01,Fluchtunfälle,Verletzte und Getötete,2004,11,46
2004-11-01,Verkehrsunfälle,mit Personenschäden,2004,11,360
2004-11-01,Verkehrsunfälle,insgesamt,2004,11,3449
2004-11-01,Fluchtunfälle,insgesamt,2004,11,903
2004-12-01,Fluchtunfälle,insgesamt,2004,12,942
2004-12-01,Alkoholunfälle,Verletzte und Getötete,2004,12,12
2004-12-01,Verkehrsunfälle,Verletzte und Getötete,2004,12,416
2004-12-01,Alkoholunfälle,insgesamt,2004,12,52
2004-12-01,Verkehrsunfälle,insgesamt,2004,12,3792
2004-12-01,Fluchtunfälle,Verletzte und Getötete,2004,12,45
2004-12-01,Verkehrsunfälle,mit Personenschäden,2004,12,416
2005-01-01,Verkehrsunfälle,mit Personenschäden,2005,1,244
2005-01-01,Alkoholunfälle,Verletzte und Getötete,2005,1,13
2005-01-01,Verkehrsunfälle,Verletzte und Getötete,2005,1,306
2005-01-01,Fluchtunfälle,Verletzte und Getötete,2005,1,24
2005-01-01,Verkehrsunfälle,insgesamt,2005,1,2788
2005-01-01,Alkoholunfälle,insgesamt,2005,1,48
2005-01-01,Fluchtunfälle,insgesamt,2005,1,749
2005-02-01,Alkoholunfälle,Verletzte und Getötete,2005,2,14
2005-02-01,Fluchtunfälle,Verletzte und Getötete,2005,2,22
2005-02-01,Verkehrsunfälle,insgesamt,2005,2,3461
2005-02-01,Fluchtunfälle,insgesamt,2005,2,961
2005-02-01,Verkehrsunfälle,mit Personenschäden,2005,2,229
2005-02-01,Verkehrsunfälle,Verletzte und Getötete,2005,2,282
2005-02-01,Alkoholunfälle,insgesamt,2005,2,40
2005-03-01,Verkehrsunfälle,Verletzte und Getötete,2005,3,385
2005-03-01,Verkehrsunfälle,mit Personenschäden,2005,3,299
2005-03-01,Fluchtunfälle,insgesamt,2005,3,1115
2005-03-01,Fluchtunfälle,Verletzte und Getötete,2005,3,33
2005-03-01,Alkoholunfälle,Verletzte und Getötete,2005,3,13
2005-03-01,Alkoholunfälle,insgesamt,2005,3,40
2005-03-01,Verkehrsunfälle,insgesamt,2005,3,3560
2005-04-01,Alkoholunfälle,Verletzte und Getötete,2005,4,19
2005-04-01,Verkehrsunfälle,Verletzte und Getötete,2005,4,514
2005-04-01,Verkehrsunfälle,mit Personenschäden,2005,4,422
2005-04-01,Fluchtunfälle,Verletzte und Getötete,2005,4,45
2005-04-01,Alkoholunfälle,insgesamt,2005,4,40
2005-04-01,Verkehrsunfälle,insgesamt,2005,4,3320
2005-04-01,Fluchtunfälle,insgesamt,2005,4,937
2005-05-01,Verkehrsunfälle,insgesamt,2005,5,3321
2005-05-01,Alkoholunfälle,Verletzte und Getötete,2005,5,21
2005-05-01,Fluchtunfälle,insgesamt,2005,5,902
2005-05-01,Verkehrsunfälle,mit Personenschäden,2005,5,521
2005-05-01,Fluchtunfälle,Verletzte und Getötete,2005,5,52
2005-05-01,Verkehrsunfälle,Verletzte und Getötete,2005,5,618
2005-05-01,Alkoholunfälle,insgesamt,2005,5,48
2005-06-01,Verkehrsunfälle,mit Personenschäden,2005,6,627
2005-06-01,Verkehrsunfälle,insgesamt,2005,6,3499
2005-06-01,Fluchtunfälle,insgesamt,2005,6,901
2005-06-01,Fluchtunfälle,Verletzte und Getötete,2005,6,53
2005-06-01,Alkoholunfälle,Verletzte und Getötete,2005,6,31
2005-06-01,Alkoholunfälle,insgesamt,2005,6,57
2005-06-01,Verkehrsunfälle,Verletzte und Getötete,2005,6,729
2005-07-01,Verkehrsunfälle,insgesamt,2005,7,3631
2005-07-01,Fluchtunfälle,insgesamt,2005,7,951
2005-07-01,Fluchtunfälle,Verletzte und Getötete,2005,7,65
2005-07-01,Alkoholunfälle,Verletzte und Getötete,2005,7,26
2005-07-01,Verkehrsunfälle,Verletzte und Getötete,2005,7,675
2005-07-01,Verkehrsunfälle,mit Personenschäden,2005,7,558
2005-07-01,Alkoholunfälle,insgesamt,2005,7,63
2005-08-01,Fluchtunfälle,insgesamt,2005,8,811
2005-08-01,Verkehrsunfälle,Verletzte und Getötete,2005,8,582
2005-08-01,Fluchtunfälle,Verletzte und Getötete,2005,8,37
2005-08-01,Verkehrsunfälle,insgesamt,2005,8,2965
2005-08-01,Alkoholunfälle,insgesamt,2005,8,48
2005-08-01,Alkoholunfälle,Verletzte und Getötete,2005,8,33
2005-08-01,Verkehrsunfälle,mit Personenschäden,2005,8,462
2005-09-01,Verkehrsunfälle,mit Personenschäden,2005,9,678
2005-09-01,Verkehrsunfälle,Verletzte und Getötete,2005,9,825
2005-09-01,Alkoholunfälle,Verletzte und Getötete,2005,9,50
2005-09-01,Fluchtunfälle,Verletzte und Getötete,2005,9,81
2005-09-01,Fluchtunfälle,insgesamt,2005,9,1086
2005-09-01,Verkehrsunfälle,insgesamt,2005,9,3921
2005-09-01,Alkoholunfälle,insgesamt,2005,9,76
2005-10-01,Fluchtunfälle,insgesamt,2005,10,962
2005-10-01,Verkehrsunfälle,Verletzte und Getötete,2005,10,568
2005-10-01,Verkehrsunfälle,insgesamt,2005,10,3503
2005-10-01,Fluchtunfälle,Verletzte und Getötete,2005,10,54
2005-10-01,Alkoholunfälle,insgesamt,2005,10,57
2005-10-01,Alkoholunfälle,Verletzte und Getötete,2005,10,35
2005-10-01,Verkehrsunfälle,mit Personenschäden,2005,10,451
2005-11-01,Verkehrsunfälle,insgesamt,2005,11,3205
2005-11-01,Fluchtunfälle,Verletzte und Getötete,2005,11,27
2005-11-01,Alkoholunfälle,insgesamt,2005,11,42
2005-11-01,Verkehrsunfälle,mit Personenschäden,2005,11,496
2005-11-01,Fluchtunfälle,insgesamt,2005,11,845
2005-11-01,Verkehrsunfälle,Verletzte und Getötete,2005,11,458
2005-11-01,Alkoholunfälle,Verletzte und Getötete,2005,11,14
2005-12-01,Verkehrsunfälle,insgesamt,2005,12,3549
2005-12-01,Fluchtunfälle,Verletzte und Getötete,2005,12,32
2005-12-01,Alkoholunfälle,insgesamt,2005,12,41
2005-12-01,Fluchtunfälle,insgesamt,2005,12,817
2005-12-01,Verkehrsunfälle,mit Personenschäden,2005,12,487
2005-12-01,Alkoholunfälle,Verletzte und Getötete,2005,12,12
2005-12-01,Verkehrsunfälle,Verletzte und Getötete,2005,12,460
2006-01-01,Verkehrsunfälle,mit Personenschäden,2006,1,291
2006-01-01,Verkehrsunfälle,Verletzte und Getötete,2006,1,364
2006-01-01,Alkoholunfälle,Verletzte und Getötete,2006,1,21
2006-01-01,Fluchtunfälle,insgesamt,2006,1,708
2006-01-01,Alkoholunfälle,insgesamt,2006,1,44
2006-01-01,Verkehrsunfälle,insgesamt,2006,1,2893
2006-01-01,Fluchtunfälle,Verletzte und Getötete,2006,1,31
2006-02-01,Alkoholunfälle,Verletzte und Getötete,2006,2,21
2006-02-01,Fluchtunfälle,insgesamt,2006,2,698
2006-02-01,Verkehrsunfälle,insgesamt,2006,2,2901
2006-02-01,Alkoholunfälle,insgesamt,2006,2,50
2006-02-01,Verkehrsunfälle,Verletzte und Getötete,2006,2,279
2006-02-01,Verkehrsunfälle,mit Personenschäden,2006,2,237
2006-02-01,Fluchtunfälle,Verletzte und Getötete,2006,2,33
2006-03-01,Verkehrsunfälle,insgesamt,2006,3,4165
2006-03-01,Verkehrsunfälle,Verletzte und Getötete,2006,3,375
2006-03-01,Fluchtunfälle,insgesamt,2006,3,1138
2006-03-01,Fluchtunfälle,Verletzte und Getötete,2006,3,34
2006-03-01,Verkehrsunfälle,mit Personenschäden,2006,3,275
2006-03-01,Alkoholunfälle,Verletzte und Getötete,2006,3,14
2006-03-01,Alkoholunfälle,insgesamt,2006,3,40
2006-04-01,Fluchtunfälle,insgesamt,2006,4,750
2006-04-01,Alkoholunfälle,insgesamt,2006,4,40
2006-04-01,Alkoholunfälle,Verletzte und Getötete,2006,4,16
2006-04-01,Verkehrsunfälle,insgesamt,2006,4,2874
2006-04-01,Fluchtunfälle,Verletzte und Getötete,2006,4,25
2006-04-01,Verkehrsunfälle,mit Personenschäden,2006,4,301
2006-04-01,Verkehrsunfälle,Verletzte und Getötete,2006,4,387
2006-05-01,Alkoholunfälle,Verletzte und Getötete,2006,5,28
2006-05-01,Verkehrsunfälle,insgesamt,2006,5,3032
2006-05-01,Alkoholunfälle,insgesamt,2006,5,53
2006-05-01,Fluchtunfälle,insgesamt,2006,5,476
2006-05-01,Verkehrsunfälle,mit Personenschäden,2006,5,471
2006-05-01,Fluchtunfälle,Verletzte und Getötete,2006,5,33
2006-05-01,Verkehrsunfälle,Verletzte und Getötete,2006,5,564
2006-06-01,Verkehrsunfälle,Verletzte und Getötete,2006,6,479
2006-06-01,Fluchtunfälle,Verletzte und Getötete,2006,6,40
2006-06-01,Verkehrsunfälle,insgesamt,2006,6,2853
2006-06-01,Fluchtunfälle,insgesamt,2006,6,565
2006-06-01,Alkoholunfälle,Verletzte und Getötete,2006,6,22
2006-06-01,Verkehrsunfälle,mit Personenschäden,2006,6,406
2006-06-01,Alkoholunfälle,insgesamt,2006,6,51
2006-07-01,Fluchtunfälle,Verletzte und Getötete,2006,7,78
2006-07-01,Verkehrsunfälle,insgesamt,2006,7,3611
2006-07-01,Alkoholunfälle,insgesamt,2006,7,64
2006-07-01,Verkehrsunfälle,mit Personenschäden,2006,7,671
2006-07-01,Alkoholunfälle,Verletzte und Getötete,2006,7,37
2006-07-01,Verkehrsunfälle,Verletzte und Getötete,2006,7,787
2006-07-01,Fluchtunfälle,insgesamt,2006,7,845
2006-08-01,Fluchtunfälle,insgesamt,2006,8,774
2006-08-01,Verkehrsunfälle,insgesamt,2006,8,2993
2006-08-01,Fluchtunfälle,Verletzte und Getötete,2006,8,40
2006-08-01,Verkehrsunfälle,Verletzte und Getötete,2006,8,513
2006-08-01,Alkoholunfälle,Verletzte und Getötete,2006,8,25
2006-08-01,Alkoholunfälle,insgesamt,2006,8,48
2006-08-01,Verkehrsunfälle,mit Personenschäden,2006,8,422
2006-09-01,Alkoholunfälle,insgesamt,2006,9,64
2006-09-01,Verkehrsunfälle,Verletzte und Getötete,2006,9,490
2006-09-01,Fluchtunfälle,insgesamt,2006,9,718
2006-09-01,Verkehrsunfälle,mit Personenschäden,2006,9,407
2006-09-01,Alkoholunfälle,Verletzte und Getötete,2006,9,35
2006-09-01,Verkehrsunfälle,insgesamt,2006,9,3233
2006-09-01,Fluchtunfälle,Verletzte und Getötete,2006,9,66
2006-10-01,Verkehrsunfälle,Verletzte und Getötete,2006,10,632
2006-10-01,Verkehrsunfälle,insgesamt,2006,10,3286
2006-10-01,Fluchtunfälle,Verletzte und Getötete,2006,10,43
2006-10-01,Fluchtunfälle,insgesamt,2006,10,599
2006-10-01,Verkehrsunfälle,mit Personenschäden,2006,10,500
2006-10-01,Alkoholunfälle,insgesamt,2006,10,45
2006-10-01,Alkoholunfälle,Verletzte und Getötete,2006,10,24
2006-11-01,Fluchtunfälle,insgesamt,2006,11,494
2006-11-01,Verkehrsunfälle,Verletzte und Getötete,2006,11,468
2006-11-01,Alkoholunfälle,Verletzte und Getötete,2006,11,22
2006-11-01,Alkoholunfälle,insgesamt,2006,11,48
2006-11-01,Fluchtunfälle,Verletzte und Getötete,2006,11,38
2006-11-01,Verkehrsunfälle,insgesamt,2006,11,3073
2006-11-01,Verkehrsunfälle,mit Personenschäden,2006,11,384
2006-12-01,Fluchtunfälle,insgesamt,2006,12,864
2006-12-01,Fluchtunfälle,Verletzte und Getötete,2006,12,44
2006-12-01,Verkehrsunfälle,Verletzte und Getötete,2006,12,466
2006-12-01,Alkoholunfälle,Verletzte und Getötete,2006,12,21
2006-12-01,Alkoholunfälle,insgesamt,2006,12,52
2006-12-01,Verkehrsunfälle,insgesamt,2006,12,3419
2006-12-01,Verkehrsunfälle,mit Personenschäden,2006,12,386
2007-01-01,Verkehrsunfälle,insgesamt,2007,1,2735
2007-01-01,Verkehrsunfälle,Verletzte und Getötete,2007,1,268
2007-01-01,Alkoholunfälle,insgesamt,2007,1,36
2007-01-01,Fluchtunfälle,Verletzte und Getötete,2007,1,19
2007-01-01,Fluchtunfälle,insgesamt,2007,1,699
2007-01-01,Verkehrsunfälle,mit Personenschäden,2007,1,218
2007-01-01,Alkoholunfälle,Verletzte und Getötete,2007,1,13
2007-02-01,Fluchtunfälle,insgesamt,2007,2,612
2007-02-01,Verkehrsunfälle,mit Personenschäden,2007,2,217
2007-02-01,Verkehrsunfälle,insgesamt,2007,2,2643
2007-02-01,Alkoholunfälle,insgesamt,2007,2,32
2007-02-01,Verkehrsunfälle,Verletzte und Getötete,2007,2,277
2007-02-01,Fluchtunfälle,Verletzte und Getötete,2007,2,33
2007-02-01,Alkoholunfälle,Verletzte und Getötete,2007,2,15
2007-03-01,Fluchtunfälle,Verletzte und Getötete,2007,3,20
2007-03-01,Fluchtunfälle,insgesamt,2007,3,411
2007-03-01,Alkoholunfälle,insgesamt,2007,3,38
2007-03-01,Verkehrsunfälle,insgesamt,2007,3,2836
2007-03-01,Verkehrsunfälle,mit Personenschäden,2007,3,293
2007-03-01,Alkoholunfälle,Verletzte und Getötete,2007,3,14
2007-03-01,Verkehrsunfälle,Verletzte und Getötete,2007,3,347
2007-04-01,Fluchtunfälle,Verletzte und Getötete,2007,4,43
2007-04-01,Verkehrsunfälle,mit Personenschäden,2007,4,396
2007-04-01,Verkehrsunfälle,insgesamt,2007,4,3292
2007-04-01,Alkoholunfälle,insgesamt,2007,4,49
2007-04-01,Alkoholunfälle,Verletzte und Getötete,2007,4,27
2007-04-01,Fluchtunfälle,insgesamt,2007,4,821
2007-04-01,Verkehrsunfälle,Verletzte und Getötete,2007,4,500
2007-05-01,Alkoholunfälle,insgesamt,2007,5,63
2007-05-01,Verkehrsunfälle,insgesamt,2007,5,3529
2007-05-01,Fluchtunfälle,Verletzte und Getötete,2007,5,48
2007-05-01,Fluchtunfälle,insgesamt,2007,5,858
2007-05-01,Alkoholunfälle,Verletzte und Getötete,2007,5,39
2007-05-01,Verkehrsunfälle,mit Personenschäden,2007,5,482
2007-05-01,Verkehrsunfälle,Verletzte und Getötete,2007,5,591
2007-06-01,Fluchtunfälle,Verletzte und Getötete,2007,6,50
2007-06-01,Alkoholunfälle,Verletzte und Getötete,2007,6,27
2007-06-01,Verkehrsunfälle,Verletzte und Getötete,2007,6,535
2007-06-01,Alkoholunfälle,insgesamt,2007,6,51
2007-06-01,Verkehrsunfälle,mit Personenschäden,2007,6,444
2007-06-01,Fluchtunfälle,insgesamt,2007,6,804
2007-06-01,Verkehrsunfälle,insgesamt,2007,6,3225
2007-07-01,Verkehrsunfälle,Verletzte und Getötete,2007,7,511
2007-07-01,Alkoholunfälle,Verletzte und Getötete,2007,7,38
2007-07-01,Verkehrsunfälle,mit Personenschäden,2007,7,435
2007-07-01,Fluchtunfälle,Verletzte und Getötete,2007,7,59
2007-07-01,Verkehrsunfälle,insgesamt,2007,7,3622
2007-07-01,Alkoholunfälle,insgesamt,2007,7,65
2007-07-01,Fluchtunfälle,insgesamt,2007,7,935
2007-08-01,Verkehrsunfälle,mit Personenschäden,2007,8,344
2007-08-01,Fluchtunfälle,insgesamt,2007,8,759
2007-08-01,Fluchtunfälle,Verletzte und Getötete,2007,8,39
2007-08-01,Alkoholunfälle,insgesamt,2007,8,44
2007-08-01,Verkehrsunfälle,insgesamt,2007,8,2943
2007-08-01,Alkoholunfälle,Verletzte und Getötete,2007,8,20
2007-08-01,Verkehrsunfälle,Verletzte und Getötete,2007,8,422
2007-09-01,Fluchtunfälle,Verletzte und Getötete,2007,9,41
2007-09-01,Alkoholunfälle,Verletzte und Getötete,2007,9,24
2007-09-01,Verkehrsunfälle,Verletzte und Getötete,2007,9,462
2007-09-01,Fluchtunfälle,insgesamt,2007,9,797
2007-09-01,Verkehrsunfälle,mit Personenschäden,2007,9,385
2007-09-01,Verkehrsunfälle,insgesamt,2007,9,3414
2007-09-01,Alkoholunfälle,insgesamt,2007,9,54
2007-10-01,Alkoholunfälle,Verletzte und Getötete,2007,10,18
2007-10-01,Verkehrsunfälle,Verletzte und Getötete,2007,10,491
2007-10-01,Verkehrsunfälle,insgesamt,2007,10,3695
2007-10-01,Alkoholunfälle,insgesamt,2007,10,55
2007-10-01,Fluchtunfälle,Verletzte und Getötete,2007,10,49
2007-10-01,Verkehrsunfälle,mit Personenschäden,2007,10,405
2007-10-01,Fluchtunfälle,insgesamt,2007,10,873
2007-11-01,Alkoholunfälle,Verletzte und Getötete,2007,11,26
2007-11-01,Alkoholunfälle,insgesamt,2007,11,36
2007-11-01,Fluchtunfälle,Verletzte und Getötete,2007,11,46
2007-11-01,Verkehrsunfälle,mit Personenschäden,2007,11,324
2007-11-01,Verkehrsunfälle,insgesamt,2007,11,3444
2007-11-01,Fluchtunfälle,insgesamt,2007,11,868
2007-11-01,Verkehrsunfälle,Verletzte und Getötete,2007,11,405
2007-12-01,Fluchtunfälle,Verletzte und Getötete,2007,12,29
2007-12-01,Verkehrsunfälle,Verletzte und Getötete,2007,12,414
2007-12-01,Alkoholunfälle,insgesamt,2007,12,37
2007-12-01,Fluchtunfälle,insgesamt,2007,12,690
2007-12-01,Verkehrsunfälle,insgesamt,2007,12,3184
2007-12-01,Verkehrsunfälle,mit Personenschäden,2007,12,333
2007-12-01,Alkoholunfälle,Verletzte und Getötete,2007,12,20
2008-01-01,Verkehrsunfälle,Verletzte und Getötete,2008,1,307
2008-01-01,Alkoholunfälle,insgesamt,2008,1,32
2008-01-01,Alkoholunfälle,Verletzte und Getötete,2008,1,8
2008-01-01,Verkehrsunfälle,insgesamt,2008,1,2945
2008-01-01,Fluchtunfälle,Verletzte und Getötete,2008,1,27
2008-01-01,Fluchtunfälle,insgesamt,2008,1,727
2008-01-01,Verkehrsunfälle,mit Personenschäden,2008,1,260
2008-02-01,Verkehrsunfälle,insgesamt,2008,2,3171
2008-02-01,Verkehrsunfälle,mit Personenschäden,2008,2,279
2008-02-01,Fluchtunfälle,insgesamt,2008,2,793
2008-02-01,Fluchtunfälle,Verletzte und Getötete,2008,2,29
2008-02-01,Alkoholunfälle,Verletzte und Getötete,2008,2,16
2008-02-01,Alkoholunfälle,insgesamt,2008,2,30
2008-02-01,Verkehrsunfälle,Verletzte und Getötete,2008,2,340
2008-03-01,Fluchtunfälle,Verletzte und Getötete,2008,3,25
2008-03-01,Alkoholunfälle,Verletzte und Getötete,2008,3,9
2008-03-01,Verkehrsunfälle,insgesamt,2008,3,2910
2008-03-01,Verkehrsunfälle,Verletzte und Getötete,2008,3,254
2008-03-01,Alkoholunfälle,insgesamt,2008,3,30
2008-03-01,Verkehrsunfälle,mit Personenschäden,2008,3,210
2008-03-01,Fluchtunfälle,insgesamt,2008,3,763
2008-04-01,Alkoholunfälle,Verletzte und Getötete,2008,4,10
2008-04-01,Verkehrsunfälle,insgesamt,2008,4,3339
2008-04-01,Verkehrsunfälle,Verletzte und Getötete,2008,4,355
2008-04-01,Verkehrsunfälle,mit Personenschäden,2008,4,315
2008-04-01,Fluchtunfälle,insgesamt,2008,4,837
2008-04-01,Fluchtunfälle,Verletzte und Getötete,2008,4,41
2008-04-01,Alkoholunfälle,insgesamt,2008,4,25
2008-05-01,Verkehrsunfälle,Verletzte und Getötete,2008,5,534
2008-05-01,Alkoholunfälle,insgesamt,2008,5,57
2008-05-01,Verkehrsunfälle,insgesamt,2008,5,3428
2008-05-01,Fluchtunfälle,insgesamt,2008,5,871
2008-05-01,Verkehrsunfälle,mit Personenschäden,2008,5,445
2008-05-01,Alkoholunfälle,Verletzte und Getötete,2008,5,37
2008-05-01,Fluchtunfälle,Verletzte und Getötete,2008,5,57
2008-06-01,Verkehrsunfälle,insgesamt,2008,6,3374
2008-06-01,Alkoholunfälle,Verletzte und Getötete,2008,6,32
2008-06-01,Alkoholunfälle,insgesamt,2008,6,56
2008-06-01,Verkehrsunfälle,mit Personenschäden,2008,6,424
2008-06-01,Fluchtunfälle,Verletzte und Getötete,2008,6,59
2008-06-01,Verkehrsunfälle,Verletzte und Getötete,2008,6,473
2008-06-01,Fluchtunfälle,insgesamt,2008,6,859
2008-07-01,Alkoholunfälle,Verletzte und Getötete,2008,7,24
2008-07-01,Verkehrsunfälle,mit Personenschäden,2008,7,459
2008-07-01,Fluchtunfälle,Verletzte und Getötete,2008,7,48
2008-07-01,Verkehrsunfälle,Verletzte und Getötete,2008,7,538
2008-07-01,Fluchtunfälle,insgesamt,2008,7,832
2008-07-01,Alkoholunfälle,insgesamt,2008,7,52
2008-07-01,Verkehrsunfälle,insgesamt,2008,7,3500
2008-08-01,Alkoholunfälle,Verletzte und Getötete,2008,8,23
2008-08-01,Verkehrsunfälle,mit Personenschäden,2008,8,402
2008-08-01,Fluchtunfälle,insgesamt,2008,8,760
2008-08-01,Verkehrsunfälle,Verletzte und Getötete,2008,8,480
2008-08-01,Fluchtunfälle,Verletzte und Getötete,2008,8,55
2008-08-01,Verkehrsunfälle,insgesamt,2008,8,2870
2008-08-01,Alkoholunfälle,insgesamt,2008,8,44
2008-09-01,Alkoholunfälle,insgesamt,2008,9,49
2008-09-01,Alkoholunfälle,Verletzte und Getötete,2008,9,28
2008-09-01,Fluchtunfälle,insgesamt,2008,9,747
2008-09-01,Fluchtunfälle,Verletzte und Getötete,2008,9,48
2008-09-01,Verkehrsunfälle,insgesamt,2008,9,3271
2008-09-01,Verkehrsunfälle,Verletzte und Getötete,2008,9,422
2008-09-01,Verkehrsunfälle,mit Personenschäden,2008,9,360
2008-10-01,Verkehrsunfälle,insgesamt,2008,10,3683
2008-10-01,Alkoholunfälle,insgesamt,2008,10,45
2008-10-01,Verkehrsunfälle,mit Personenschäden,2008,10,373
2008-10-01,Alkoholunfälle,Verletzte und Getötete,2008,10,19
2008-10-01,Verkehrsunfälle,Verletzte und Getötete,2008,10,455
2008-10-01,Fluchtunfälle,Verletzte und Getötete,2008,10,46
2008-10-01,Fluchtunfälle,insgesamt,2008,10,874
2008-11-01,Verkehrsunfälle,Verletzte und Getötete,2008,11,321
2008-11-01,Alkoholunfälle,Verletzte und Getötete,2008,11,14
2008-11-01,Fluchtunfälle,insgesamt,2008,11,625
2008-11-01,Verkehrsunfälle,insgesamt,2008,11,2983
2008-11-01,Alkoholunfälle,insgesamt,2008,11,27
2008-11-01,Fluchtunfälle,Verletzte und Getötete,2008,11,27
2008-11-01,Verkehrsunfälle,mit Personenschäden,2008,11,281
2008-12-01,Alkoholunfälle,insgesamt,2008,12,35
2008-12-01,Verkehrsunfälle,Verletzte und Getötete,2008,12,272
2008-12-01,Alkoholunfälle,Verletzte und Getötete,2008,12,20
2008-12-01,Fluchtunfälle,Verletzte und Getötete,2008,12,27
2008-12-01,Fluchtunfälle,insgesamt,2008,12,657
2008-12-01,Verkehrsunfälle,mit Personenschäden,2008,12,230
2008-12-01,Verkehrsunfälle,insgesamt,2008,12,2888
2009-01-01,Alkoholunfälle,Verletzte und Getötete,2009,1,7
2009-01-01,Verkehrsunfälle,Verletzte und Getötete,2009,1,223
2009-01-01,Alkoholunfälle,insgesamt,2009,1,23
2009-01-01,Verkehrsunfälle,insgesamt,2009,1,2482
2009-01-01,Fluchtunfälle,insgesamt,2009,1,512
2009-01-01,Verkehrsunfälle,mit Personenschäden,2009,1,184
2009-01-01,Fluchtunfälle,Verletzte und Getötete,2009,1,22
2009-02-01,Verkehrsunfälle,Verletzte und Getötete,2009,2,340
2009-02-01,Alkoholunfälle,Verletzte und Getötete,2009,2,12
2009-02-01,Fluchtunfälle,Verletzte und Getötete,2009,2,35
2009-02-01,Alkoholunfälle,insgesamt,2009,2,32
2009-02-01,Verkehrsunfälle,insgesamt,2009,2,3480
2009-02-01,Fluchtunfälle,insgesamt,2009,2,802
2009-02-01,Verkehrsunfälle,mit Personenschäden,2009,2,273
2009-03-01,Verkehrsunfälle,insgesamt,2009,3,2744
2009-03-01,Alkoholunfälle,Verletzte und Getötete,2009,3,5
2009-03-01,Verkehrsunfälle,Verletzte und Getötete,2009,3,245
2009-03-01,Alkoholunfälle,insgesamt,2009,3,14
2009-03-01,Fluchtunfälle,insgesamt,2009,3,607
2009-03-01,Fluchtunfälle,Verletzte und Getötete,2009,3,20
2009-03-01,Verkehrsunfälle,mit Personenschäden,2009,3,202
2009-04-01,Verkehrsunfälle,mit Personenschäden,2009,4,357
2009-04-01,Alkoholunfälle,insgesamt,2009,4,45
2009-04-01,Verkehrsunfälle,insgesamt,2009,4,2953
2009-04-01,Fluchtunfälle,insgesamt,2009,4,776
2009-04-01,Fluchtunfälle,Verletzte und Getötete,2009,4,43
2009-04-01,Verkehrsunfälle,Verletzte und Getötete,2009,4,416
2009-04-01,Alkoholunfälle,Verletzte und Getötete,2009,4,31
2009-05-01,Alkoholunfälle,Verletzte und Getötete,2009,5,34
2009-05-01,Fluchtunfälle,Verletzte und Getötete,2009,5,49
2009-05-01,Fluchtunfälle,insgesamt,2009,5,768
2009-05-01,Alkoholunfälle,insgesamt,2009,5,57
2009-05-01,Verkehrsunfälle,mit Personenschäden,2009,5,454
2009-05-01,Verkehrsunfälle,insgesamt,2009,5,3240
2009-05-01,Verkehrsunfälle,Verletzte und Getötete,2009,5,535
2009-06-01,Fluchtunfälle,insgesamt,2009,6,678
2009-06-01,Verkehrsunfälle,mit Personenschäden,2009,6,371
2009-06-01,Verkehrsunfälle,insgesamt,2009,6,2876
2009-06-01,Verkehrsunfälle,Verletzte und Getötete,2009,6,443
2009-06-01,Alkoholunfälle,Verletzte und Getötete,2009,6,19
2009-06-01,Alkoholunfälle,insgesamt,2009,6,31
2009-06-01,Fluchtunfälle,Verletzte und Getötete,2009,6,34
2009-07-01,Fluchtunfälle,Verletzte und Getötete,2009,7,61
2009-07-01,Fluchtunfälle,insgesamt,2009,7,991
2009-07-01,Verkehrsunfälle,Verletzte und Getötete,2009,7,556
2009-07-01,Alkoholunfälle,Verletzte und Getötete,2009,7,27
2009-07-01,Verkehrsunfälle,insgesamt,2009,7,3622
2009-07-01,Alkoholunfälle,insgesamt,2009,7,44
2009-07-01,Verkehrsunfälle,mit Personenschäden,2009,7,476
2009-08-01,Fluchtunfälle,Verletzte und Getötete,2009,8,40
2009-08-01,Alkoholunfälle,Verletzte und Getötete,2009,8,26
2009-08-01,Verkehrsunfälle,Verletzte und Getötete,2009,8,466
2009-08-01,Alkoholunfälle,insgesamt,2009,8,35
2009-08-01,Fluchtunfälle,insgesamt,2009,8,752
2009-08-01,Verkehrsunfälle,insgesamt,2009,8,2749
2009-08-01,Verkehrsunfälle,mit Personenschäden,2009,8,376
2009-09-01,Fluchtunfälle,insgesamt,2009,9,846
2009-09-01,Fluchtunfälle,Verletzte und Getötete,2009,9,37
2009-09-01,Verkehrsunfälle,insgesamt,2009,9,3252
2009-09-01,Alkoholunfälle,insgesamt,2009,9,49
2009-09-01,Alkoholunfälle,Verletzte und Getötete,2009,9,18
2009-09-01,Verkehrsunfälle,Verletzte und Getötete,2009,9,452
2009-09-01,Verkehrsunfälle,mit Personenschäden,2009,9,388
2009-10-01,Verkehrsunfälle,insgesamt,2009,10,3567
2009-10-01,Alkoholunfälle,insgesamt,2009,10,35
2009-10-01,Fluchtunfälle,Verletzte und Getötete,2009,10,47
2009-10-01,Alkoholunfälle,Verletzte und Getötete,2009,10,15
2009-10-01,Verkehrsunfälle,Verletzte und Getötete,2009,10,432
2009-10-01,Fluchtunfälle,insgesamt,2009,10,953
2009-10-01,Verkehrsunfälle,mit Personenschäden,2009,10,360
2009-11-01,Alkoholunfälle,insgesamt,2009,11,31
2009-11-01,Fluchtunfälle,Verletzte und Getötete,2009,11,34
2009-11-01,Verkehrsunfälle,mit Personenschäden,2009,11,312
2009-11-01,Verkehrsunfälle,insgesamt,2009,11,3294
2009-11-01,Fluchtunfälle,insgesamt,2009,11,835
2009-11-01,Verkehrsunfälle,Verletzte und Getötete,2009,11,366
2009-11-01,Alkoholunfälle,Verletzte und Getötete,2009,11,5
2009-12-01,Verkehrsunfälle,insgesamt,2009,12,3202
2009-12-01,Alkoholunfälle,Verletzte und Getötete,2009,12,14
2009-12-01,Verkehrsunfälle,mit Personenschäden,2009,12,312
2009-12-01,Verkehrsunfälle,Verletzte und Getötete,2009,12,391
2009-12-01,Fluchtunfälle,insgesamt,2009,12,747
2009-12-01,Alkoholunfälle,insgesamt,2009,12,34
2009-12-01,Fluchtunfälle,Verletzte und Getötete,2009,12,37
2010-01-01,Verkehrsunfälle,mit Personenschäden,2010,1,147
2010-01-01,Alkoholunfälle,insgesamt,2010,1,19
2010-01-01,Verkehrsunfälle,Verletzte und Getötete,2010,1,192
2010-01-01,Fluchtunfälle,insgesamt,2010,1,613
2010-01-01,Alkoholunfälle,Verletzte und Getötete,2010,1,7
2010-01-01,Fluchtunfälle,Verletzte und Getötete,2010,1,17
2010-01-01,Verkehrsunfälle,insgesamt,2010,1,2346
2010-02-01,Verkehrsunfälle,insgesamt,2010,2,2539
2010-02-01,Fluchtunfälle,insgesamt,2010,2,683
2010-02-01,Fluchtunfälle,Verletzte und Getötete,2010,2,21
2010-02-01,Alkoholunfälle,insgesamt,2010,2,23
2010-02-01,Verkehrsunfälle,mit Personenschäden,2010,2,200
2010-02-01,Alkoholunfälle,Verletzte und Getötete,2010,2,10
2010-02-01,Verkehrsunfälle,Verletzte und Getötete,2010,2,247
2010-03-01,Alkoholunfälle,Verletzte und Getötete,2010,3,12
2010-03-01,Verkehrsunfälle,insgesamt,2010,3,3309
2010-03-01,Verkehrsunfälle,Verletzte und Getötete,2010,3,341
2010-03-01,Alkoholunfälle,insgesamt,2010,3,31
2010-03-01,Verkehrsunfälle,mit Personenschäden,2010,3,291
2010-03-01,Fluchtunfälle,insgesamt,2010,3,829
2010-03-01,Fluchtunfälle,Verletzte und Getötete,2010,3,29
2010-04-01,Verkehrsunfälle,insgesamt,2010,4,3202
2010-04-01,Verkehrsunfälle,Verletzte und Getötete,2010,4,216
2010-04-01,Alkoholunfälle,Verletzte und Getötete,2010,4,25
2010-04-01,Fluchtunfälle,Verletzte und Getötete,2010,4,41
2010-04-01,Alkoholunfälle,insgesamt,2010,4,33
2010-04-01,Fluchtunfälle,insgesamt,2010,4,938
2010-04-01,Verkehrsunfälle,mit Personenschäden,2010,4,377
2010-05-01,Fluchtunfälle,Verletzte und Getötete,2010,5,31
2010-05-01,Verkehrsunfälle,mit Personenschäden,2010,5,320
2010-05-01,Alkoholunfälle,Verletzte und Getötete,2010,5,15
2010-05-01,Verkehrsunfälle,Verletzte und Getötete,2010,5,389
2010-05-01,Fluchtunfälle,insgesamt,2010,5,743
2010-05-01,Verkehrsunfälle,insgesamt,2010,5,2974
2010-05-01,Alkoholunfälle,insgesamt,2010,5,34
2010-06-01,Verkehrsunfälle,insgesamt,2010,6,3193
2010-06-01,Verkehrsunfälle,mit Personenschäden,2010,6,440
2010-06-01,Verkehrsunfälle,Verletzte und Getötete,2010,6,517
2010-06-01,Fluchtunfälle,Verletzte und Getötete,2010,6,57
2010-06-01,Alkoholunfälle,Verletzte und Getötete,2010,6,20
2010-06-01,Alkoholunfälle,insgesamt,2010,6,39
2010-06-01,Fluchtunfälle,insgesamt,2010,6,814
2010-07-01,Alkoholunfälle,Verletzte und Getötete,2010,7,29
2010-07-01,Fluchtunfälle,Verletzte und Getötete,2010,7,65
2010-07-01,Verkehrsunfälle,insgesamt,2010,7,3712
2010-07-01,Verkehrsunfälle,Verletzte und Getötete,2010,7,721
2010-07-01,Verkehrsunfälle,mit Personenschäden,2010,7,619
2010-07-01,Alkoholunfälle,insgesamt,2010,7,48
2010-07-01,Fluchtunfälle,insgesamt,2010,7,932
2010-08-01,Verkehrsunfälle,insgesamt,2010,8,2843
2010-08-01,Verkehrsunfälle,mit Personenschäden,2010,8,416
2010-08-01,Alkoholunfälle,Verletzte und Getötete,2010,8,25
2010-08-01,Verkehrsunfälle,Verletzte und Getötete,2010,8,481
2010-08-01,Alkoholunfälle,insgesamt,2010,8,40
2010-08-01,Fluchtunfälle,Verletzte und Getötete,2010,8,48
2010-08-01,Fluchtunfälle,insgesamt,2010,8,794
2010-09-01,Alkoholunfälle,insgesamt,2010,9,54
2010-09-01,Verkehrsunfälle,insgesamt,2010,9,3524
2010-09-01,Alkoholunfälle,Verletzte und Getötete,2010,9,26
2010-09-01,Verkehrsunfälle,Verletzte und Getötete,2010,9,534
2010-09-01,Fluchtunfälle,insgesamt,2010,9,955
2010-09-01,Fluchtunfälle,Verletzte und Getötete,2010,9,42
2010-09-01,Verkehrsunfälle,mit Personenschäden,2010,9,456
2010-10-01,Alkoholunfälle,Verletzte und Getötete,2010,10,13
2010-10-01,Verkehrsunfälle,mit Personenschäden,2010,10,432
2010-10-01,Fluchtunfälle,Verletzte und Getötete,2010,10,49
2010-10-01,Fluchtunfälle,insgesamt,2010,10,910
2010-10-01,Verkehrsunfälle,Verletzte und Getötete,2010,10,524
2010-10-01,Alkoholunfälle,insgesamt,2010,10,27
2010-10-01,Verkehrsunfälle,insgesamt,2010,10,3500
2010-11-01,Fluchtunfälle,insgesamt,2010,11,827
2010-11-01,Verkehrsunfälle,insgesamt,2010,11,3329
2010-11-01,Verkehrsunfälle,mit Personenschäden,2010,11,319
2010-11-01,Alkoholunfälle,insgesamt,2010,11,28
2010-11-01,Alkoholunfälle,Verletzte und Getötete,2010,11,7
2010-11-01,Fluchtunfälle,Verletzte und Getötete,2010,11,33
2010-11-01,Verkehrsunfälle,Verletzte und Getötete,2010,11,383
2010-12-01,Alkoholunfälle,Verletzte und Getötete,2010,12,12
2010-12-01,Verkehrsunfälle,mit Personenschäden,2010,12,223
2010-12-01,Fluchtunfälle,insgesamt,2010,12,861
2010-12-01,Alkoholunfälle,insgesamt,2010,12,26
2010-12-01,Fluchtunfälle,Verletzte und Getötete,2010,12,23
2010-12-01,Verkehrsunfälle,Verletzte und Getötete,2010,12,277
2010-12-01,Verkehrsunfälle,insgesamt,2010,12,3413
2011-01-01,Verkehrsunfälle,mit Personenschäden,2011,1,255
2011-01-01,Verkehrsunfälle,Verletzte und Getötete,2011,1,328
2011-01-01,Alkoholunfälle,Verletzte und Getötete,2011,1,16
2011-01-01,Fluchtunfälle,Verletzte und Getötete,2011,1,26
2011-01-01,Fluchtunfälle,insgesamt,2011,1,726
2011-01-01,Verkehrsunfälle,insgesamt,2011,1,2775
2011-01-01,Alkoholunfälle,insgesamt,2011,1,25
2011-02-01,Verkehrsunfälle,mit Personenschäden,2011,2,264
2011-02-01,Alkoholunfälle,insgesamt,2011,2,25
2011-02-01,Alkoholunfälle,Verletzte und Getötete,2011,2,7
2011-02-01,Verkehrsunfälle,insgesamt,2011,2,2903
2011-02-01,Verkehrsunfälle,Verletzte und Getötete,2011,2,343
2011-02-01,Fluchtunfälle,insgesamt,2011,2,760
2011-02-01,Fluchtunfälle,Verletzte und Getötete,2011,2,26
2011-03-01,Verkehrsunfälle,insgesamt,2011,3,3523
2011-03-01,Alkoholunfälle,insgesamt,2011,3,22
2011-03-01,Verkehrsunfälle,Verletzte und Getötete,2011,3,425
2011-03-01,Fluchtunfälle,insgesamt,2011,3,883
2011-03-01,Alkoholunfälle,Verletzte und Getötete,2011,3,9
2011-03-01,Verkehrsunfälle,mit Personenschäden,2011,3,373
2011-03-01,Fluchtunfälle,Verletzte und Getötete,2011,3,32
2011-04-01,Verkehrsunfälle,insgesamt,2011,4,3529
2011-04-01,Fluchtunfälle,insgesamt,2011,4,835
2011-04-01,Verkehrsunfälle,mit Personenschäden,2011,4,505
2011-04-01,Alkoholunfälle,insgesamt,2011,4,43
2011-04-01,Alkoholunfälle,Verletzte und Getötete,2011,4,27
2011-04-01,Verkehrsunfälle,Verletzte und Getötete,2011,4,604
2011-04-01,Fluchtunfälle,Verletzte und Getötete,2011,4,55
2011-05-01,Fluchtunfälle,Verletzte und Getötete,2011,5,68
2011-05-01,Fluchtunfälle,insgesamt,2011,5,1034
2011-05-01,Verkehrsunfälle,insgesamt,2011,5,4143
2011-05-01,Alkoholunfälle,insgesamt,2011,5,43
2011-05-01,Verkehrsunfälle,Verletzte und Getötete,2011,5,765
2011-05-01,Verkehrsunfälle,mit Personenschäden,2011,5,636
2011-05-01,Alkoholunfälle,Verletzte und Getötete,2011,5,20
2011-06-01,Verkehrsunfälle,mit Personenschäden,2011,6,399
2011-06-01,Verkehrsunfälle,insgesamt,2011,6,3212
2011-06-01,Fluchtunfälle,Verletzte und Getötete,2011,6,49
2011-06-01,Verkehrsunfälle,Verletzte und Getötete,2011,6,472
2011-06-01,Alkoholunfälle,insgesamt,2011,6,27
2011-06-01,Fluchtunfälle,insgesamt,2011,6,783
2011-06-01,Alkoholunfälle,Verletzte und Getötete,2011,6,21
2011-07-01,Fluchtunfälle,insgesamt,2011,7,951
2011-07-01,Verkehrsunfälle,Verletzte und Getötete,2011,7,637
2011-07-01,Verkehrsunfälle,insgesamt,2011,7,4074
2011-07-01,Alkoholunfälle,Verletzte und Getötete,2011,7,27
2011-07-01,Fluchtunfälle,Verletzte und Getötete,2011,7,56
2011-07-01,Verkehrsunfälle,mit Personenschäden,2011,7,532
2011-07-01,Alkoholunfälle,insgesamt,2011,7,39
2011-08-01,Verkehrsunfälle,Verletzte und Getötete,2011,8,487
2011-08-01,Alkoholunfälle,Verletzte und Getötete,2011,8,17
2011-08-01,Alkoholunfälle,insgesamt,2011,8,34
2011-08-01,Verkehrsunfälle,mit Personenschäden,2011,8,402
2011-08-01,Verkehrsunfälle,insgesamt,2011,8,3322
2011-08-01,Fluchtunfälle,insgesamt,2011,8,790
2011-08-01,Fluchtunfälle,Verletzte und Getötete,2011,8,35
2011-09-01,Verkehrsunfälle,insgesamt,2011,9,3730
2011-09-01,Alkoholunfälle,Verletzte und Getötete,2011,9,22
2011-09-01,Fluchtunfälle,insgesamt,2011,9,906
2011-09-01,Verkehrsunfälle,mit Personenschäden,2011,9,441
2011-09-01,Fluchtunfälle,Verletzte und Getötete,2011,9,52
2011-09-01,Alkoholunfälle,insgesamt,2011,9,36
2011-09-01,Verkehrsunfälle,Verletzte und Getötete,2011,9,519
2011-10-01,Verkehrsunfälle,mit Personenschäden,2011,10,393
2011-10-01,Verkehrsunfälle,Verletzte und Getötete,2011,10,481
2011-10-01,Alkoholunfälle,Verletzte und Getötete,2011,10,10
2011-10-01,Alkoholunfälle,insgesamt,2011,10,26
2011-10-01,Fluchtunfälle,insgesamt,2011,10,916
2011-10-01,Verkehrsunfälle,insgesamt,2011,10,3830
2011-10-01,Fluchtunfälle,Verletzte und Getötete,2011,10,36
2011-11-01,Verkehrsunfälle,mit Personenschäden,2011,11,359
2011-11-01,Fluchtunfälle,insgesamt,2011,11,842
2011-11-01,Verkehrsunfälle,insgesamt,2011,11,3567
2011-11-01,Alkoholunfälle,Verletzte und Getötete,2011,11,16
2011-11-01,Fluchtunfälle,Verletzte und Getötete,2011,11,33
2011-11-01,Verkehrsunfälle,Verletzte und Getötete,2011,11,438
2011-11-01,Alkoholunfälle,insgesamt,2011,11,40
2011-12-01,Verkehrsunfälle,mit Personenschäden,2011,12,315
2011-12-01,Fluchtunfälle,insgesamt,2011,12,832
2011-12-01,Verkehrsunfälle,insgesamt,2011,12,3506
2011-12-01,Fluchtunfälle,Verletzte und Getötete,2011,12,30
2011-12-01,Alkoholunfälle,insgesamt,2011,12,37
2011-12-01,Verkehrsunfälle,Verletzte und Getötete,2011,12,370
2011-12-01,Alkoholunfälle,Verletzte und Getötete,2011,12,6
2012-01-01,Fluchtunfälle,insgesamt,2012,1,713
2012-01-01,Verkehrsunfälle,Verletzte und Getötete,2012,1,338
2012-01-01,Alkoholunfälle,insgesamt,2012,1,21
2012-01-01,Verkehrsunfälle,insgesamt,2012,1,3176
2012-01-01,Fluchtunfälle,Verletzte und Getötete,2012,1,32
2012-01-01,Alkoholunfälle,Verletzte und Getötete,2012,1,11
2012-01-01,Verkehrsunfälle,mit Personenschäden,2012,1,273
2012-02-01,Alkoholunfälle,insgesamt,2012,2,18
2012-02-01,Fluchtunfälle,Verletzte und Getötete,2012,2,20
2012-02-01,Verkehrsunfälle,Verletzte und Getötete,2012,2,290
2012-02-01,Verkehrsunfälle,insgesamt,2012,2,3102
2012-02-01,Fluchtunfälle,insgesamt,2012,2,714
2012-02-01,Alkoholunfälle,Verletzte und Getötete,2012,2,5
2012-02-01,Verkehrsunfälle,mit Personenschäden,2012,2,233
2012-03-01,Alkoholunfälle,Verletzte und Getötete,2012,3,5
2012-03-01,Fluchtunfälle,insgesamt,2012,3,946
2012-03-01,Verkehrsunfälle,mit Personenschäden,2012,3,424
2012-03-01,Verkehrsunfälle,insgesamt,2012,3,3739
2012-03-01,Fluchtunfälle,Verletzte und Getötete,2012,3,44
2012-03-01,Verkehrsunfälle,Verletzte und Getötete,2012,3,526
2012-03-01,Alkoholunfälle,insgesamt,2012,3,21
2012-04-01,Alkoholunfälle,insgesamt,2012,4,34
2012-04-01,Verkehrsunfälle,Verletzte und Getötete,2012,4,485
2012-04-01,Alkoholunfälle,Verletzte und Getötete,2012,4,22
2012-04-01,Fluchtunfälle,insgesamt,2012,4,919
2012-04-01,Verkehrsunfälle,mit Personenschäden,2012,4,394
2012-04-01,Verkehrsunfälle,insgesamt,2012,4,3667
2012-04-01,Fluchtunfälle,Verletzte und Getötete,2012,4,37
2012-05-01,Verkehrsunfälle,insgesamt,2012,5,4114
2012-05-01,Alkoholunfälle,Verletzte und Getötete,2012,5,33
2012-05-01,Verkehrsunfälle,Verletzte und Getötete,2012,5,719
2012-05-01,Fluchtunfälle,insgesamt,2012,5,1035
2012-05-01,Verkehrsunfälle,mit Personenschäden,2012,5,596
2012-05-01,Alkoholunfälle,insgesamt,2012,5,54
2012-05-01,Fluchtunfälle,Verletzte und Getötete,2012,5,64
2012-06-01,Verkehrsunfälle,insgesamt,2012,6,4018
2012-06-01,Verkehrsunfälle,mit Personenschäden,2012,6,577
2012-06-01,Alkoholunfälle,insgesamt,2012,6,43
2012-06-01,Fluchtunfälle,insgesamt,2012,6,1041
2012-06-01,Verkehrsunfälle,Verletzte und Getötete,2012,6,681
2012-06-01,Alkoholunfälle,Verletzte und Getötete,2012,6,35
2012-06-01,Fluchtunfälle,Verletzte und Getötete,2012,6,61
2012-07-01,Verkehrsunfälle,insgesamt,2012,7,4281
2012-07-01,Verkehrsunfälle,mit Personenschäden,2012,7,632
2012-07-01,Alkoholunfälle,insgesamt,2012,7,56
2012-07-01,Alkoholunfälle,Verletzte und Getötete,2012,7,30
2012-07-01,Fluchtunfälle,Verletzte und Getötete,2012,7,64
2012-07-01,Fluchtunfälle,insgesamt,2012,7,1045
2012-07-01,Verkehrsunfälle,Verletzte und Getötete,2012,7,730
2012-08-01,Verkehrsunfälle,insgesamt,2012,8,3452
2012-08-01,Verkehrsunfälle,mit Personenschäden,2012,8,545
2012-08-01,Fluchtunfälle,Verletzte und Getötete,2012,8,64
2012-08-01,Alkoholunfälle,insgesamt,2012,8,55
2012-08-01,Verkehrsunfälle,Verletzte und Getötete,2012,8,635
2012-08-01,Alkoholunfälle,Verletzte und Getötete,2012,8,31
2012-08-01,Fluchtunfälle,insgesamt,2012,8,887
2012-09-01,Verkehrsunfälle,Verletzte und Getötete,2012,9,632
2012-09-01,Verkehrsunfälle,insgesamt,2012,9,3962
2012-09-01,Fluchtunfälle,Verletzte und Getötete,2012,9,61
2012-09-01,Alkoholunfälle,insgesamt,2012,9,49
2012-09-01,Fluchtunfälle,insgesamt,2012,9,921
2012-09-01,Alkoholunfälle,Verletzte und Getötete,2012,9,24
2012-09-01,Verkehrsunfälle,mit Personenschäden,2012,9,532
2012-10-01,Verkehrsunfälle,insgesamt,2012,10,4146
2012-10-01,Verkehrsunfälle,mit Personenschäden,2012,10,477
2012-10-01,Fluchtunfälle,insgesamt,2012,10,1090
2012-10-01,Verkehrsunfälle,Verletzte und Getötete,2012,10,580
2012-10-01,Fluchtunfälle,Verletzte und Getötete,2012,10,61
2012-10-01,Alkoholunfälle,Verletzte und Getötete,2012,10,6
2012-10-01,Alkoholunfälle,insgesamt,2012,10,32
2012-11-01,Fluchtunfälle,Verletzte und Getötete,2012,11,49
2012-11-01,Verkehrsunfälle,mit Personenschäden,2012,11,394
2012-11-01,Alkoholunfälle,Verletzte und Getötete,2012,11,10
2012-11-01,Verkehrsunfälle,insgesamt,2012,11,3839
2012-11-01,Fluchtunfälle,insgesamt,2012,11,984
2012-11-01,Alkoholunfälle,insgesamt,2012,11,30
2012-11-01,Verkehrsunfälle,Verletzte und Getötete,2012,11,471
2012-12-01,Verkehrsunfälle,insgesamt,2012,12,3395
2012-12-01,Verkehrsunfälle,mit Personenschäden,2012,12,248
2012-12-01,Alkoholunfälle,insgesamt,2012,12,27
2012-12-01,Fluchtunfälle,insgesamt,2012,12,810
2012-12-01,Verkehrsunfälle,Verletzte und Getötete,2012,12,317
2012-12-01,Fluchtunfälle,Verletzte und Getötete,2012,12,23
2012-12-01,Alkoholunfälle,Verletzte und Getötete,2012,12,11
2013-01-01,Fluchtunfälle,insgesamt,2013,1,796
2013-01-01,Verkehrsunfälle,mit Personenschäden,2013,1,254
2013-01-01,Fluchtunfälle,Verletzte und Getötete,2013,1,29
2013-01-01,Verkehrsunfälle,insgesamt,2013,1,3316
2013-01-01,Alkoholunfälle,insgesamt,2013,1,17
2013-01-01,Verkehrsunfälle,Verletzte und Getötete,2013,1,320
2013-01-01,Alkoholunfälle,Verletzte und Getötete,2013,1,2
2013-02-01,Fluchtunfälle,Verletzte und Getötete,2013,2,22
2013-02-01,Verkehrsunfälle,mit Personenschäden,2013,2,263
2013-02-01,Alkoholunfälle,insgesamt,2013,2,15
2013-02-01,Verkehrsunfälle,Verletzte und Getötete,2013,2,326
2013-02-01,Alkoholunfälle,Verletzte und Getötete,2013,2,0
2013-02-01,Verkehrsunfälle,insgesamt,2013,2,3467
2013-02-01,Fluchtunfälle,insgesamt,2013,2,773
2013-03-01,Verkehrsunfälle,mit Personenschäden,2013,3,284
2013-03-01,Alkoholunfälle,insgesamt,2013,3,21
2013-03-01,Verkehrsunfälle,Verletzte und Getötete,2013,3,350
2013-03-01,Alkoholunfälle,Verletzte und Getötete,2013,3,8
2013-03-01,Verkehrsunfälle,insgesamt,2013,3,3712
2013-03-01,Fluchtunfälle,Verletzte und Getötete,2013,3,33
2013-03-01,Fluchtunfälle,insgesamt,2013,3,906
2013-04-01,Verkehrsunfälle,Verletzte und Getötete,2013,4,523
2013-04-01,Alkoholunfälle,Verletzte und Getötete,2013,4,5
2013-04-01,Fluchtunfälle,Verletzte und Getötete,2013,4,50
2013-04-01,Verkehrsunfälle,mit Personenschäden,2013,4,440
2013-04-01,Fluchtunfälle,insgesamt,2013,4,1038
2013-04-01,Alkoholunfälle,insgesamt,2013,4,28
2013-04-01,Verkehrsunfälle,insgesamt,2013,4,4008
2013-05-01,Fluchtunfälle,insgesamt,2013,5,848
2013-05-01,Verkehrsunfälle,Verletzte und Getötete,2013,5,530
2013-05-01,Verkehrsunfälle,insgesamt,2013,5,3703
2013-05-01,Alkoholunfälle,Verletzte und Getötete,2013,5,21
2013-05-01,Verkehrsunfälle,mit Personenschäden,2013,5,454
2013-05-01,Fluchtunfälle,Verletzte und Getötete,2013,5,43
2013-05-01,Alkoholunfälle,insgesamt,2013,5,33
2013-06-01,Alkoholunfälle,insgesamt,2013,6,37
2013-06-01,Verkehrsunfälle,Verletzte und Getötete,2013,6,734
2013-06-01,Alkoholunfälle,Verletzte und Getötete,2013,6,20
2013-06-01,Fluchtunfälle,insgesamt,2013,6,1055
2013-06-01,Fluchtunfälle,Verletzte und Getötete,2013,6,54
2013-06-01,Verkehrsunfälle,insgesamt,2013,6,4284
2013-06-01,Verkehrsunfälle,mit Personenschäden,2013,6,580
2013-07-01,Fluchtunfälle,insgesamt,2013,7,1138
2013-07-01,Alkoholunfälle,insgesamt,2013,7,42
2013-07-01,Verkehrsunfälle,Verletzte und Getötete,2013,7,976
2013-07-01,Fluchtunfälle,Verletzte und Getötete,2013,7,68
2013-07-01,Verkehrsunfälle,insgesamt,2013,7,4641
2013-07-01,Alkoholunfälle,Verletzte und Getötete,2013,7,24
2013-07-01,Verkehrsunfälle,mit Personenschäden,2013,7,812
2013-08-01,Fluchtunfälle,insgesamt,2013,8,791
2013-08-01,Verkehrsunfälle,Verletzte und Getötete,2013,8,645
2013-08-01,Verkehrsunfälle,insgesamt,2013,8,3387
2013-08-01,Verkehrsunfälle,mit Personenschäden,2013,8,514
2013-08-01,Alkoholunfälle,Verletzte und Getötete,2013,8,22
2013-08-01,Fluchtunfälle,Verletzte und Getötete,2013,8,36
2013-08-01,Alkoholunfälle,insgesamt,2013,8,39
2013-09-01,Verkehrsunfälle,mit Personenschäden,2013,9,531
2013-09-01,Fluchtunfälle,Verletzte und Getötete,2013,9,53
2013-09-01,Verkehrsunfälle,Verletzte und Getötete,2013,9,617
2013-09-01,Fluchtunfälle,insgesamt,2013,9,1000
2013-09-01,Verkehrsunfälle,insgesamt,2013,9,4130
2013-09-01,Alkoholunfälle,Verletzte und Getötete,2013,9,17
2013-09-01,Alkoholunfälle,insgesamt,2013,9,47
2013-10-01,Verkehrsunfälle,mit Personenschäden,2013,10,510
2013-10-01,Fluchtunfälle,insgesamt,2013,10,1074
2013-10-01,Alkoholunfälle,Verletzte und Getötete,2013,10,12
2013-10-01,Verkehrsunfälle,insgesamt,2013,10,4533
2013-10-01,Verkehrsunfälle,Verletzte und Getötete,2013,10,595
2013-10-01,Alkoholunfälle,insgesamt,2013,10,31
2013-10-01,Fluchtunfälle,Verletzte und Getötete,2013,10,53
2013-11-01,Verkehrsunfälle,insgesamt,2013,11,4043
2013-11-01,Fluchtunfälle,Verletzte und Getötete,2013,11,53
2013-11-01,Fluchtunfälle,insgesamt,2013,11,939
2013-11-01,Verkehrsunfälle,mit Personenschäden,2013,11,388
2013-11-01,Verkehrsunfälle,Verletzte und Getötete,2013,11,483
2013-11-01,Alkoholunfälle,insgesamt,2013,11,35
2013-11-01,Alkoholunfälle,Verletzte und Getötete,2013,11,12
2013-12-01,Alkoholunfälle,Verletzte und Getötete,2013,12,10
2013-12-01,Fluchtunfälle,Verletzte und Getötete,2013,12,27
2013-12-01,Verkehrsunfälle,Verletzte und Getötete,2013,12,423
2013-12-01,Alkoholunfälle,insgesamt,2013,12,32
2013-12-01,Verkehrsunfälle,insgesamt,2013,12,3764
2013-12-01,Fluchtunfälle,insgesamt,2013,12,828
2013-12-01,Verkehrsunfälle,mit Personenschäden,2013,12,356
2014-01-01,Verkehrsunfälle,insgesamt,2014,1,3410
2014-01-01,Verkehrsunfälle,Verletzte und Getötete,2014,1,412
2014-01-01,Alkoholunfälle,Verletzte und Getötete,2014,1,4
2014-01-01,Alkoholunfälle,insgesamt,2014,1,21
2014-01-01,Fluchtunfälle,insgesamt,2014,1,778
2014-01-01,Fluchtunfälle,Verletzte und Getötete,2014,1,29
2014-01-01,Verkehrsunfälle,mit Personenschäden,2014,1,324
2014-02-01,Fluchtunfälle,insgesamt,2014,2,742
2014-02-01,Alkoholunfälle,insgesamt,2014,2,17
2014-02-01,Verkehrsunfälle,insgesamt,2014,2,3315
2014-02-01,Verkehrsunfälle,mit Personenschäden,2014,2,309
2014-02-01,Alkoholunfälle,Verletzte und Getötete,2014,2,7
2014-02-01,Fluchtunfälle,Verletzte und Getötete,2014,2,22
2014-02-01,Verkehrsunfälle,Verletzte und Getötete,2014,2,372
2014-03-01,Fluchtunfälle,insgesamt,2014,3,993
2014-03-01,Alkoholunfälle,insgesamt,2014,3,37
2014-03-01,Verkehrsunfälle,insgesamt,2014,3,4027
2014-03-01,Verkehrsunfälle,mit Personenschäden,2014,3,460
2014-03-01,Alkoholunfälle,Verletzte und Getötete,2014,3,16
2014-03-01,Verkehrsunfälle,Verletzte und Getötete,2014,3,559
2014-03-01,Fluchtunfälle,Verletzte und Getötete,2014,3,46
2014-04-01,Alkoholunfälle,Verletzte und Getötete,2014,4,15
2014-04-01,Fluchtunfälle,Verletzte und Getötete,2014,4,55
2014-04-01,Verkehrsunfälle,Verletzte und Getötete,2014,4,549
2014-04-01,Verkehrsunfälle,insgesamt,2014,4,3840
2014-04-01,Alkoholunfälle,insgesamt,2014,4,35
2014-04-01,Verkehrsunfälle,mit Personenschäden,2014,4,455
2014-04-01,Fluchtunfälle,insgesamt,2014,4,946
2014-05-01,Verkehrsunfälle,Verletzte und Getötete,2014,5,671
2014-05-01,Alkoholunfälle,insgesamt,2014,5,28
2014-05-01,Fluchtunfälle,Verletzte und Getötete,2014,5,50
2014-05-01,Verkehrsunfälle,mit Personenschäden,2014,5,536
2014-05-01,Verkehrsunfälle,insgesamt,2014,5,4346
2014-05-01,Fluchtunfälle,insgesamt,2014,5,925
2014-05-01,Alkoholunfälle,Verletzte und Getötete,2014,5,19
2014-06-01,Alkoholunfälle,Verletzte und Getötete,2014,6,16
2014-06-01,Alkoholunfälle,insgesamt,2014,6,31
2014-06-01,Fluchtunfälle,Verletzte und Getötete,2014,6,58
2014-06-01,Verkehrsunfälle,Verletzte und Getötete,2014,6,656
2014-06-01,Verkehrsunfälle,insgesamt,2014,6,3833
2014-06-01,Fluchtunfälle,insgesamt,2014,6,880
2014-06-01,Verkehrsunfälle,mit Personenschäden,2014,6,558
2014-07-01,Verkehrsunfälle,insgesamt,2014,7,4443
2014-07-01,Fluchtunfälle,insgesamt,2014,7,1029
2014-07-01,Fluchtunfälle,Verletzte und Getötete,2014,7,62
2014-07-01,Verkehrsunfälle,Verletzte und Getötete,2014,7,783
2014-07-01,Alkoholunfälle,insgesamt,2014,7,35
2014-07-01,Alkoholunfälle,Verletzte und Getötete,2014,7,21
2014-07-01,Verkehrsunfälle,mit Personenschäden,2014,7,654
2014-08-01,Verkehrsunfälle,mit Personenschäden,2014,8,432
2014-08-01,Fluchtunfälle,Verletzte und Getötete,2014,8,43
2014-08-01,Alkoholunfälle,insgesamt,2014,8,32
2014-08-01,Verkehrsunfälle,Verletzte und Getötete,2014,8,517
2014-08-01,Alkoholunfälle,Verletzte und Getötete,2014,8,13
2014-08-01,Fluchtunfälle,insgesamt,2014,8,802
2014-08-01,Verkehrsunfälle,insgesamt,2014,8,3379
2014-09-01,Verkehrsunfälle,mit Personenschäden,2014,9,534
2014-09-01,Alkoholunfälle,insgesamt,2014,9,43
2014-09-01,Alkoholunfälle,Verletzte und Getötete,2014,9,18
2014-09-01,Verkehrsunfälle,insgesamt,2014,9,4137
2014-09-01,Fluchtunfälle,Verletzte und Getötete,2014,9,60
2014-09-01,Fluchtunfälle,insgesamt,2014,9,936
2014-09-01,Verkehrsunfälle,Verletzte und Getötete,2014,9,620
2014-10-01,Verkehrsunfälle,insgesamt,2014,10,4251
2014-10-01,Verkehrsunfälle,Verletzte und Getötete,2014,10,652
2014-10-01,Fluchtunfälle,insgesamt,2014,10,1042
2014-10-01,Alkoholunfälle,insgesamt,2014,10,36
2014-10-01,Verkehrsunfälle,mit Personenschäden,2014,10,529
2014-10-01,Alkoholunfälle,Verletzte und Getötete,2014,10,21
2014-10-01,Fluchtunfälle,Verletzte und Getötete,2014,10,55
2014-11-01,Verkehrsunfälle,insgesamt,2014,11,3904
2014-11-01,Verkehrsunfälle,Verletzte und Getötete,2014,11,464
2014-11-01,Fluchtunfälle,insgesamt,2014,11,943
2014-11-01,Alkoholunfälle,Verletzte und Getötete,2014,11,14
2014-11-01,Alkoholunfälle,insgesamt,2014,11,42
2014-11-01,Fluchtunfälle,Verletzte und Getötete,2014,11,42
2014-11-01,Verkehrsunfälle,mit Personenschäden,2014,11,401
2014-12-01,Verkehrsunfälle,insgesamt,2014,12,3919
2014-12-01,Fluchtunfälle,Verletzte und Getötete,2014,12,35
2014-12-01,Alkoholunfälle,insgesamt,2014,12,25
2014-12-01,Verkehrsunfälle,Verletzte und Getötete,2014,12,413
2014-12-01,Fluchtunfälle,insgesamt,2014,12,830
2014-12-01,Verkehrsunfälle,mit Personenschäden,2014,12,331
2014-12-01,Alkoholunfälle,Verletzte und Getötete,2014,12,3
2015-01-01,Fluchtunfälle,Verletzte und Getötete,2015,1,19
2015-01-01,Fluchtunfälle,insgesamt,2015,1,781
2015-01-01,Alkoholunfälle,Verletzte und Getötete,2015,1,21
2015-01-01,Verkehrsunfälle,Verletzte und Getötete,2015,1,334
2015-01-01,Alkoholunfälle,insgesamt,2015,1,22
2015-01-01,Verkehrsunfälle,insgesamt,2015,1,3326
2015-01-01,Verkehrsunfälle,mit Personenschäden,2015,1,263
2015-02-01,Alkoholunfälle,Verletzte und Getötete,2015,2,3
2015-02-01,Verkehrsunfälle,Verletzte und Getötete,2015,2,321
2015-02-01,Alkoholunfälle,insgesamt,2015,2,23
2015-02-01,Verkehrsunfälle,mit Personenschäden,2015,2,262
2015-02-01,Fluchtunfälle,Verletzte und Getötete,2015,2,18
2015-02-01,Fluchtunfälle,insgesamt,2015,2,713
2015-02-01,Verkehrsunfälle,insgesamt,2015,2,3090
2015-03-01,Alkoholunfälle,Verletzte und Getötete,2015,3,9
2015-03-01,Alkoholunfälle,insgesamt,2015,3,23
2015-03-01,Verkehrsunfälle,mit Personenschäden,2015,3,376
2015-03-01,Fluchtunfälle,insgesamt,2015,3,908
2015-03-01,Verkehrsunfälle,insgesamt,2015,3,3888
2015-03-01,Verkehrsunfälle,Verletzte und Getötete,2015,3,471
2015-03-01,Fluchtunfälle,Verletzte und Getötete,2015,3,49
2015-04-01,Fluchtunfälle,Verletzte und Getötete,2015,4,45
2015-04-01,Verkehrsunfälle,insgesamt,2015,4,4022
2015-04-01,Fluchtunfälle,insgesamt,2015,4,966
2015-04-01,Alkoholunfälle,Verletzte und Getötete,2015,4,23
2015-04-01,Verkehrsunfälle,mit Personenschäden,2015,4,495
2015-04-01,Alkoholunfälle,insgesamt,2015,4,29
2015-04-01,Verkehrsunfälle,Verletzte und Getötete,2015,4,598
2015-05-01,Fluchtunfälle,insgesamt,2015,5,940
2015-05-01,Verkehrsunfälle,insgesamt,2015,5,3915
2015-05-01,Verkehrsunfälle,Verletzte und Getötete,2015,5,604
2015-05-01,Alkoholunfälle,Verletzte und Getötete,2015,5,30
2015-05-01,Alkoholunfälle,insgesamt,2015,5,50
2015-05-01,Fluchtunfälle,Verletzte und Getötete,2015,5,41
2015-05-01,Verkehrsunfälle,mit Personenschäden,2015,5,487
2015-06-01,Fluchtunfälle,insgesamt,2015,6,952
2015-06-01,Verkehrsunfälle,mit Personenschäden,2015,6,560
2015-06-01,Alkoholunfälle,insgesamt,2015,6,39
2015-06-01,Alkoholunfälle,Verletzte und Getötete,2015,6,19
2015-06-01,Fluchtunfälle,Verletzte und Getötete,2015,6,54
2015-06-01,Verkehrsunfälle,insgesamt,2015,6,3898
2015-06-01,Verkehrsunfälle,Verletzte und Getötete,2015,6,673
2015-07-01,Verkehrsunfälle,mit Personenschäden,2015,7,708
2015-07-01,Alkoholunfälle,insgesamt,2015,7,49
2015-07-01,Fluchtunfälle,Verletzte und Getötete,2015,7,65
2015-07-01,Fluchtunfälle,insgesamt,2015,7,1176
2015-07-01,Verkehrsunfälle,Verletzte und Getötete,2015,7,809
2015-07-01,Verkehrsunfälle,insgesamt,2015,7,4729
2015-07-01,Alkoholunfälle,Verletzte und Getötete,2015,7,37
2015-08-01,Verkehrsunfälle,Verletzte und Getötete,2015,8,546
2015-08-01,Alkoholunfälle,Verletzte und Getötete,2015,8,29
2015-08-01,Fluchtunfälle,Verletzte und Getötete,2015,8,36
2015-08-01,Alkoholunfälle,insgesamt,2015,8,49
2015-08-01,Verkehrsunfälle,mit Personenschäden,2015,8,481
2015-08-01,Fluchtunfälle,insgesamt,2015,8,864
2015-08-01,Verkehrsunfälle,insgesamt,2015,8,3431
2015-09-01,Alkoholunfälle,insgesamt,2015,9,45
2015-09-01,Alkoholunfälle,Verletzte und Getötete,2015,9,25
2015-09-01,Verkehrsunfälle,Verletzte und Getötete,2015,9,614
2015-09-01,Verkehrsunfälle,insgesamt,2015,9,4015
2015-09-01,Verkehrsunfälle,mit Personenschäden,2015,9,509
2015-09-01,Fluchtunfälle,Verletzte und Getötete,2015,9,49
2015-09-01,Fluchtunfälle,insgesamt,2015,9,1007
2015-10-01,Verkehrsunfälle,mit Personenschäden,2015,10,475
2015-10-01,Verkehrsunfälle,Verletzte und Getötete,2015,10,569
2015-10-01,Alkoholunfälle,Verletzte und Getötete,2015,10,12
2015-10-01,Alkoholunfälle,insgesamt,2015,10,25
2015-10-01,Fluchtunfälle,insgesamt,2015,10,1110
2015-10-01,Fluchtunfälle,Verletzte und Getötete,2015,10,52
2015-10-01,Verkehrsunfälle,insgesamt,2015,10,4467
2015-11-01,Alkoholunfälle,insgesamt,2015,11,30
2015-11-01,Verkehrsunfälle,Verletzte und Getötete,2015,11,506
2015-11-01,Alkoholunfälle,Verletzte und Getötete,2015,11,11
2015-11-01,Fluchtunfälle,Verletzte und Getötete,2015,11,43
2015-11-01,Verkehrsunfälle,insgesamt,2015,11,3992
2015-11-01,Verkehrsunfälle,mit Personenschäden,2015,11,430
2015-11-01,Fluchtunfälle,insgesamt,2015,11,991
2015-12-01,Fluchtunfälle,Verletzte und Getötete,2015,12,38
2015-12-01,Verkehrsunfälle,mit Personenschäden,2015,12,384
2015-12-01,Verkehrsunfälle,Verletzte und Getötete,2015,12,479
2015-12-01,Verkehrsunfälle,insgesamt,2015,12,3862
2015-12-01,Alkoholunfälle,Verletzte und Getötete,2015,12,6
2015-12-01,Alkoholunfälle,insgesamt,2015,12,27
2015-12-01,Fluchtunfälle,insgesamt,2015,12,950
2016-01-01,Verkehrsunfälle,insgesamt,2016,1,3297
2016-01-01,Fluchtunfälle,Verletzte und Getötete,2016,1,31
2016-01-01,Verkehrsunfälle,Verletzte und Getötete,2016,1,380
2016-01-01,Verkehrsunfälle,mit Personenschäden,2016,1,298
2016-01-01,Alkoholunfälle,Verletzte und Getötete,2016,1,6
2016-01-01,Alkoholunfälle,insgesamt,2016,1,21
2016-01-01,Fluchtunfälle,insgesamt,2016,1,777
2016-02-01,Fluchtunfälle,insgesamt,2016,2,775
2016-02-01,Verkehrsunfälle,mit Personenschäden,2016,2,305
2016-02-01,Verkehrsunfälle,Verletzte und Getötete,2016,2,351
2016-02-01,Alkoholunfälle,insgesamt,2016,2,10
2016-02-01,Alkoholunfälle,Verletzte und Getötete,2016,2,3
2016-02-01,Verkehrsunfälle,insgesamt,2016,2,3383
2016-02-01,Fluchtunfälle,Verletzte und Getötete,2016,2,24
2016-03-01,Fluchtunfälle,insgesamt,2016,3,898
2016-03-01,Verkehrsunfälle,insgesamt,2016,3,3653
2016-03-01,Fluchtunfälle,Verletzte und Getötete,2016,3,41
2016-03-01,Alkoholunfälle,Verletzte und Getötete,2016,3,6
2016-03-01,Verkehrsunfälle,mit Personenschäden,2016,3,299
2016-03-01,Verkehrsunfälle,Verletzte und Getötete,2016,3,370
2016-03-01,Alkoholunfälle,insgesamt,2016,3,20
2016-04-01,Verkehrsunfälle,mit Personenschäden,2016,4,447
2016-04-01,Verkehrsunfälle,insgesamt,2016,4,4209
2016-04-01,Fluchtunfälle,Verletzte und Getötete,2016,4,42
2016-04-01,Alkoholunfälle,insgesamt,2016,4,27
2016-04-01,Verkehrsunfälle,Verletzte und Getötete,2016,4,545
2016-04-01,Fluchtunfälle,insgesamt,2016,4,998
2016-04-01,Alkoholunfälle,Verletzte und Getötete,2016,4,8
2016-05-01,Fluchtunfälle,insgesamt,2016,5,850
2016-05-01,Verkehrsunfälle,mit Personenschäden,2016,5,502
2016-05-01,Verkehrsunfälle,insgesamt,2016,5,3833
2016-05-01,Fluchtunfälle,Verletzte und Getötete,2016,5,44
2016-05-01,Verkehrsunfälle,Verletzte und Getötete,2016,5,602
2016-05-01,Alkoholunfälle,Verletzte und Getötete,2016,5,17
2016-05-01,Alkoholunfälle,insgesamt,2016,5,25
2016-06-01,Alkoholunfälle,insgesamt,2016,6,30
2016-06-01,Alkoholunfälle,Verletzte und Getötete,2016,6,19
2016-06-01,Verkehrsunfälle,mit Personenschäden,2016,6,592
2016-06-01,Fluchtunfälle,Verletzte und Getötete,2016,6,54
2016-06-01,Verkehrsunfälle,Verletzte und Getötete,2016,6,691
2016-06-01,Verkehrsunfälle,insgesamt,2016,6,4260
2016-06-01,Fluchtunfälle,insgesamt,2016,6,1018
2016-07-01,Verkehrsunfälle,mit Personenschäden,2016,7,623
2016-07-01,Verkehrsunfälle,Verletzte und Getötete,2016,7,742
2016-07-01,Fluchtunfälle,Verletzte und Getötete,2016,7,61
2016-07-01,Verkehrsunfälle,insgesamt,2016,7,4478
2016-07-01,Alkoholunfälle,Verletzte und Getötete,2016,7,23
2016-07-01,Alkoholunfälle,insgesamt,2016,7,35
2016-07-01,Fluchtunfälle,insgesamt,2016,7,1095
2016-08-01,Fluchtunfälle,insgesamt,2016,8,958
2016-08-01,Verkehrsunfälle,mit Personenschäden,2016,8,469
2016-08-01,Alkoholunfälle,insgesamt,2016,8,34
2016-08-01,Verkehrsunfälle,Verletzte und Getötete,2016,8,540
2016-08-01,Alkoholunfälle,Verletzte und Getötete,2016,8,12
2016-08-01,Verkehrsunfälle,insgesamt,2016,8,3400
2016-08-01,Fluchtunfälle,Verletzte und Getötete,2016,8,70
2016-09-01,Verkehrsunfälle,mit Personenschäden,2016,9,627
2016-09-01,Fluchtunfälle,insgesamt,2016,9,958
2016-09-01,Alkoholunfälle,insgesamt,2016,9,29
2016-09-01,Verkehrsunfälle,Verletzte und Getötete,2016,9,759
2016-09-01,Fluchtunfälle,Verletzte und Getötete,2016,9,70
2016-09-01,Alkoholunfälle,Verletzte und Getötete,2016,9,22
2016-09-01,Verkehrsunfälle,insgesamt,2016,9,4289
2016-10-01,Verkehrsunfälle,mit Personenschäden,2016,10,448
2016-10-01,Fluchtunfälle,insgesamt,2016,10,1022
2016-10-01,Alkoholunfälle,Verletzte und Getötete,2016,10,11
2016-10-01,Verkehrsunfälle,insgesamt,2016,10,4297
2016-10-01,Fluchtunfälle,Verletzte und Getötete,2016,10,44
2016-10-01,Alkoholunfälle,insgesamt,2016,10,30
2016-10-01,Verkehrsunfälle,Verletzte und Getötete,2016,10,559
2016-11-01,Verkehrsunfälle,Verletzte und Getötete,2016,11,489
2016-11-01,Alkoholunfälle,Verletzte und Getötete,2016,11,7
2016-11-01,Verkehrsunfälle,mit Personenschäden,2016,11,402
2016-11-01,Fluchtunfälle,insgesamt,2016,11,960
2016-11-01,Alkoholunfälle,insgesamt,2016,11,20
2016-11-01,Fluchtunfälle,Verletzte und Getötete,2016,11,32
2016-11-01,Verkehrsunfälle,insgesamt,2016,11,3998
2016-12-01,Alkoholunfälle,Verletzte und Getötete,2016,12,10
2016-12-01,Fluchtunfälle,Verletzte und Getötete,2016,12,35
2016-12-01,Verkehrsunfälle,Verletzte und Getötete,2016,12,381
2016-12-01,Verkehrsunfälle,mit Personenschäden,2016,12,317
2016-12-01,Verkehrsunfälle,insgesamt,2016,12,3700
2016-12-01,Alkoholunfälle,insgesamt,2016,12,20
2016-12-01,Fluchtunfälle,insgesamt,2016,12,870
2017-01-01,Verkehrsunfälle,Verletzte und Getötete,2017,1,307
2017-01-01,Fluchtunfälle,Verletzte und Getötete,2017,1,22
2017-01-01,Alkoholunfälle,insgesamt,2017,1,19
2017-01-01,Verkehrsunfälle,mit Personenschäden,2017,1,242
2017-01-01,Fluchtunfälle,insgesamt,2017,1,690
2017-01-01,Verkehrsunfälle,insgesamt,2017,1,3320
2017-01-01,Alkoholunfälle,Verletzte und Getötete,2017,1,4
2017-02-01,Verkehrsunfälle,mit Personenschäden,2017,2,277
2017-02-01,Fluchtunfälle,Verletzte und Getötete,2017,2,41
2017-02-01,Alkoholunfälle,insgesamt,2017,2,22
2017-02-01,Fluchtunfälle,insgesamt,2017,2,846
2017-02-01,Verkehrsunfälle,Verletzte und Getötete,2017,2,334
2017-02-01,Alkoholunfälle,Verletzte und Getötete,2017,2,4
2017-02-01,Verkehrsunfälle,insgesamt,2017,2,3223
2017-03-01,Fluchtunfälle,insgesamt,2017,3,1060
2017-03-01,Alkoholunfälle,Verletzte und Getötete,2017,3,15
2017-03-01,Verkehrsunfälle,Verletzte und Getötete,2017,3,486
2017-03-01,Verkehrsunfälle,mit Personenschäden,2017,3,407
2017-03-01,Verkehrsunfälle,insgesamt,2017,3,4106
2017-03-01,Alkoholunfälle,insgesamt,2017,3,36
2017-03-01,Fluchtunfälle,Verletzte und Getötete,2017,3,36
2017-04-01,Verkehrsunfälle,mit Personenschäden,2017,4,365
2017-04-01,Fluchtunfälle,Verletzte und Getötete,2017,4,36
2017-04-01,Fluchtunfälle,insgesamt,2017,4,895
2017-04-01,Alkoholunfälle,Verletzte und Getötete,2017,4,10
2017-04-01,Verkehrsunfälle,insgesamt,2017,4,3533
2017-04-01,Verkehrsunfälle,Verletzte und Getötete,2017,4,439
2017-04-01,Alkoholunfälle,insgesamt,2017,4,26
2017-05-01,Verkehrsunfälle,insgesamt,2017,5,4314
2017-05-01,Alkoholunfälle,Verletzte und Getötete,2017,5,16
2017-05-01,Verkehrsunfälle,Verletzte und Getötete,2017,5,631
2017-05-01,Fluchtunfälle,Verletzte und Getötete,2017,5,60
2017-05-01,Alkoholunfälle,insgesamt,2017,5,29
2017-05-01,Fluchtunfälle,insgesamt,2017,5,1070
2017-05-01,Verkehrsunfälle,mit Personenschäden,2017,5,545
2017-06-01,Alkoholunfälle,insgesamt,2017,6,41
2017-06-01,Verkehrsunfälle,Verletzte und Getötete,2017,6,668
2017-06-01,Verkehrsunfälle,insgesamt,2017,6,3818
2017-06-01,Alkoholunfälle,Verletzte und Getötete,2017,6,27
2017-06-01,Verkehrsunfälle,mit Personenschäden,2017,6,568
2017-06-01,Fluchtunfälle,insgesamt,2017,6,948
2017-06-01,Fluchtunfälle,Verletzte und Getötete,2017,6,54
2017-07-01,Fluchtunfälle,Verletzte und Getötete,2017,7,65
2017-07-01,Verkehrsunfälle,insgesamt,2017,7,4355
2017-07-01,Fluchtunfälle,insgesamt,2017,7,1064
2017-07-01,Alkoholunfälle,insgesamt,2017,7,52
2017-07-01,Verkehrsunfälle,Verletzte und Getötete,2017,7,752
2017-07-01,Verkehrsunfälle,mit Personenschäden,2017,7,611
2017-07-01,Alkoholunfälle,Verletzte und Getötete,2017,7,18
2017-08-01,Verkehrsunfälle,mit Personenschäden,2017,8,447
2017-08-01,Verkehrsunfälle,insgesamt,2017,8,3267
2017-08-01,Alkoholunfälle,insgesamt,2017,8,30
2017-08-01,Verkehrsunfälle,Verletzte und Getötete,2017,8,504
2017-08-01,Fluchtunfälle,insgesamt,2017,8,831
2017-08-01,Alkoholunfälle,Verletzte und Getötete,2017,8,14
2017-08-01,Fluchtunfälle,Verletzte und Getötete,2017,8,38
2017-09-01,Verkehrsunfälle,Verletzte und Getötete,2017,9,546
2017-09-01,Fluchtunfälle,insgesamt,2017,9,1009
2017-09-01,Fluchtunfälle,Verletzte und Getötete,2017,9,59
2017-09-01,Verkehrsunfälle,mit Personenschäden,2017,9,430
2017-09-01,Alkoholunfälle,Verletzte und Getötete,2017,9,22
2017-09-01,Alkoholunfälle,insgesamt,2017,9,47
2017-09-01,Verkehrsunfälle,insgesamt,2017,9,4017
2017-10-01,Alkoholunfälle,insgesamt,2017,10,32
2017-10-01,Fluchtunfälle,insgesamt,2017,10,1052
2017-10-01,Alkoholunfälle,Verletzte und Getötete,2017,10,16
2017-10-01,Fluchtunfälle,Verletzte und Getötete,2017,10,59
2017-10-01,Verkehrsunfälle,mit Personenschäden,2017,10,490
2017-10-01,Verkehrsunfälle,Verletzte und Getötete,2017,10,572
2017-10-01,Verkehrsunfälle,insgesamt,2017,10,4198
2017-11-01,Alkoholunfälle,Verletzte und Getötete,2017,11,13
2017-11-01,Fluchtunfälle,Verletzte und Getötete,2017,11,48
2017-11-01,Fluchtunfälle,insgesamt,2017,11,925
2017-11-01,Verkehrsunfälle,Verletzte und Getötete,2017,11,443
2017-11-01,Alkoholunfälle,insgesamt,2017,11,33
2017-11-01,Verkehrsunfälle,insgesamt,2017,11,3809
2017-11-01,Verkehrsunfälle,mit Personenschäden,2017,11,373
2017-12-01,Verkehrsunfälle,mit Personenschäden,2017,12,307
2017-12-01,Verkehrsunfälle,Verletzte und Getötete,2017,12,376
2017-12-01,Alkoholunfälle,insgesamt,2017,12,42
2017-12-01,Fluchtunfälle,Verletzte und Getötete,2017,12,33
2017-12-01,Alkoholunfälle,Verletzte und Getötete,2017,12,17
2017-12-01,Verkehrsunfälle,insgesamt,2017,12,3494
2017-12-01,Fluchtunfälle,insgesamt,2017,12,873
2018-01-01,Alkoholunfälle,insgesamt,2018,1,22
2018-01-01,Fluchtunfälle,insgesamt,2018,1,860
2018-01-01,Alkoholunfälle,Verletzte und Getötete,2018,1,8
2018-01-01,Verkehrsunfälle,mit Personenschäden,2018,1,290
2018-01-01,Verkehrsunfälle,insgesamt,2018,1,3328
2018-01-01,Fluchtunfälle,Verletzte und Getötete,2018,1,40
2018-01-01,Verkehrsunfälle,Verletzte und Getötete,2018,1,350
2018-02-01,Verkehrsunfälle,Verletzte und Getötete,2018,2,328
2018-02-01,Verkehrsunfälle,mit Personenschäden,2018,2,265
2018-02-01,Alkoholunfälle,insgesamt,2018,2,24
2018-02-01,Fluchtunfälle,Verletzte und Getötete,2018,2,40
2018-02-01,Fluchtunfälle,insgesamt,2018,2,774
2018-02-01,Verkehrsunfälle,insgesamt,2018,2,3109
2018-02-01,Alkoholunfälle,Verletzte und Getötete,2018,2,13
2018-03-01,Alkoholunfälle,insgesamt,2018,3,32
2018-03-01,Verkehrsunfälle,mit Personenschäden,2018,3,331
2018-03-01,Verkehrsunfälle,Verletzte und Getötete,2018,3,383
2018-03-01,Verkehrsunfälle,insgesamt,2018,3,3796
2018-03-01,Fluchtunfälle,Verletzte und Getötete,2018,3,35
2018-03-01,Alkoholunfälle,Verletzte und Getötete,2018,3,12
2018-03-01,Fluchtunfälle,insgesamt,2018,3,954
2018-04-01,Alkoholunfälle,insgesamt,2018,4,25
2018-04-01,Verkehrsunfälle,insgesamt,2018,4,4016
2018-04-01,Fluchtunfälle,insgesamt,2018,4,1010
2018-04-01,Verkehrsunfälle,Verletzte und Getötete,2018,4,619
2018-04-01,Verkehrsunfälle,mit Personenschäden,2018,4,519
2018-04-01,Fluchtunfälle,Verletzte und Getötete,2018,4,44
2018-04-01,Alkoholunfälle,Verletzte und Getötete,2018,4,8
2018-05-01,Alkoholunfälle,Verletzte und Getötete,2018,5,23
2018-05-01,Alkoholunfälle,insgesamt,2018,5,34
2018-05-01,Verkehrsunfälle,mit Personenschäden,2018,5,528
2018-05-01,Verkehrsunfälle,insgesamt,2018,5,3953
2018-05-01,Fluchtunfälle,insgesamt,2018,5,994
2018-05-01,Fluchtunfälle,Verletzte und Getötete,2018,5,43
2018-05-01,Verkehrsunfälle,Verletzte und Getötete,2018,5,640
2018-06-01,Alkoholunfälle,Verletzte und Getötete,2018,6,14
2018-06-01,Verkehrsunfälle,insgesamt,2018,6,4284
2018-06-01,Fluchtunfälle,Verletzte und Getötete,2018,6,49
2018-06-01,Alkoholunfälle,insgesamt,2018,6,39
2018-06-01,Verkehrsunfälle,mit Personenschäden,2018,6,622
2018-06-01,Verkehrsunfälle,Verletzte und Getötete,2018,6,732
2018-06-01,Fluchtunfälle,insgesamt,2018,6,1034
2018-07-01,Fluchtunfälle,Verletzte und Getötete,2018,7,72
2018-07-01,Verkehrsunfälle,insgesamt,2018,7,4547
2018-07-01,Alkoholunfälle,Verletzte und Getötete,2018,7,29
2018-07-01,Verkehrsunfälle,Verletzte und Getötete,2018,7,852
2018-07-01,Fluchtunfälle,insgesamt,2018,7,1151
2018-07-01,Alkoholunfälle,insgesamt,2018,7,51
2018-07-01,Verkehrsunfälle,mit Personenschäden,2018,7,714
2018-08-01,Alkoholunfälle,insgesamt,2018,8,40
2018-08-01,Verkehrsunfälle,Verletzte und Getötete,2018,8,529
2018-08-01,Fluchtunfälle,insgesamt,2018,8,813
2018-08-01,Verkehrsunfälle,insgesamt,2018,8,3206
2018-08-01,Fluchtunfälle,Verletzte und Getötete,2018,8,39
2018-08-01,Alkoholunfälle,Verletzte und Getötete,2018,8,18
2018-08-01,Verkehrsunfälle,mit Personenschäden,2018,8,456
2018-09-01,Verkehrsunfälle,mit Personenschäden,2018,9,528
2018-09-01,Alkoholunfälle,Verletzte und Getötete,2018,9,22
2018-09-01,Fluchtunfälle,insgesamt,2018,9,1102
2018-09-01,Verkehrsunfälle,insgesamt,2018,9,4124
2018-09-01,Fluchtunfälle,Verletzte und Getötete,2018,9,59
2018-09-01,Verkehrsunfälle,Verletzte und Getötete,2018,9,645
2018-09-01,Alkoholunfälle,insgesamt,2018,9,36
2018-10-01,Verkehrsunfälle,insgesamt,2018,10,4468
2018-10-01,Verkehrsunfälle,mit Personenschäden,2018,10,529
2018-10-01,Alkoholunfälle,Verletzte und Getötete,2018,10,16
2018-10-01,Alkoholunfälle,insgesamt,2018,10,43
2018-10-01,Fluchtunfälle,insgesamt,2018,10,1127
2018-10-01,Fluchtunfälle,Verletzte und Getötete,2018,10,60
2018-10-01,Verkehrsunfälle,Verletzte und Getötete,2018,10,616
2018-11-01,Verkehrsunfälle,insgesamt,2018,11,4027
2018-11-01,Alkoholunfälle,Verletzte und Getötete,2018,11,13
2018-11-01,Alkoholunfälle,insgesamt,2018,11,31
2018-11-01,Verkehrsunfälle,mit Personenschäden,2018,11,407
2018-11-01,Verkehrsunfälle,Verletzte und Getötete,2018,11,485
2018-11-01,Fluchtunfälle,Verletzte und Getötete,2018,11,37
2018-11-01,Fluchtunfälle,insgesamt,2018,11,929
2018-12-01,Verkehrsunfälle,insgesamt,2018,12,3550
2018-12-01,Verkehrsunfälle,mit Personenschäden,2018,12,282
2018-12-01,Fluchtunfälle,Verletzte und Getötete,2018,12,37
2018-12-01,Alkoholunfälle,Verletzte und Getötete,2018,12,6
2018-12-01,Verkehrsunfälle,Verletzte und Getötete,2018,12,348
2018-12-01,Alkoholunfälle,insgesamt,2018,12,21
2018-12-01,Fluchtunfälle,insgesamt,2018,12,900
2019-01-01,Alkoholunfälle,Verletzte und Getötete,2019,1,7
2019-01-01,Verkehrsunfälle,mit Personenschäden,2019,1,243
2019-01-01,Verkehrsunfälle,insgesamt,2019,1,3440
2019-01-01,Fluchtunfälle,Verletzte und Getötete,2019,1,32
2019-01-01,Verkehrsunfälle,Verletzte und Getötete,2019,1,297
2019-01-01,Fluchtunfälle,insgesamt,2019,1,927
2019-01-01,Alkoholunfälle,insgesamt,2019,1,22
2019-02-01,Verkehrsunfälle,mit Personenschäden,2019,2,289
2019-02-01,Verkehrsunfälle,insgesamt,2019,2,3442
2019-02-01,Fluchtunfälle,Verletzte und Getötete,2019,2,26
2019-02-01,Alkoholunfälle,Verletzte und Getötete,2019,2,7
2019-02-01,Alkoholunfälle,insgesamt,2019,2,28
2019-02-01,Fluchtunfälle,insgesamt,2019,2,883
2019-02-01,Verkehrsunfälle,Verletzte und Getötete,2019,2,345
2019-03-01,Alkoholunfälle,insgesamt,2019,3,34
2019-03-01,Alkoholunfälle,Verletzte und Getötete,2019,3,22
2019-03-01,Verkehrsunfälle,mit Personenschäden,2019,3,369
2019-03-01,Verkehrsunfälle,Verletzte und Getötete,2019,3,427
2019-03-01,Fluchtunfälle,insgesamt,2019,3,1005
2019-03-01,Fluchtunfälle,Verletzte und Getötete,2019,3,44
2019-03-01,Verkehrsunfälle,insgesamt,2019,3,3940
2019-04-01,Fluchtunfälle,insgesamt,2019,4,967
2019-04-01,Alkoholunfälle,Verletzte und Getötete,2019,4,18
2019-04-01,Fluchtunfälle,Verletzte und Getötete,2019,4,35
2019-04-01,Alkoholunfälle,insgesamt,2019,4,36
2019-04-01,Verkehrsunfälle,Verletzte und Getötete,2019,4,515
2019-04-01,Verkehrsunfälle,mit Personenschäden,2019,4,426
2019-04-01,Verkehrsunfälle,insgesamt,2019,4,3781
2019-05-01,Fluchtunfälle,Verletzte und Getötete,2019,5,41
2019-05-01,Alkoholunfälle,Verletzte und Getötete,2019,5,21
2019-05-01,Alkoholunfälle,insgesamt,2019,5,39
2019-05-01,Verkehrsunfälle,mit Personenschäden,2019,5,416
2019-05-01,Verkehrsunfälle,Verletzte und Getötete,2019,5,484
2019-05-01,Fluchtunfälle,insgesamt,2019,5,1014
2019-05-01,Verkehrsunfälle,insgesamt,2019,5,4046
2019-06-01,Verkehrsunfälle,mit Personenschäden,2019,6,615
2019-06-01,Verkehrsunfälle,Verletzte und Getötete,2019,6,710
2019-06-01,Fluchtunfälle,insgesamt,2019,6,994
2019-06-01,Verkehrsunfälle,insgesamt,2019,6,3727
2019-06-01,Alkoholunfälle,Verletzte und Getötete,2019,6,24
2019-06-01,Fluchtunfälle,Verletzte und Getötete,2019,6,61
2019-06-01,Alkoholunfälle,insgesamt,2019,6,40
2019-07-01,Alkoholunfälle,insgesamt,2019,7,48
2019-07-01,Verkehrsunfälle,Verletzte und Getötete,2019,7,898
2019-07-01,Fluchtunfälle,insgesamt,2019,7,1187
2019-07-01,Alkoholunfälle,Verletzte und Getötete,2019,7,34
2019-07-01,Verkehrsunfälle,insgesamt,2019,7,4763
2019-07-01,Fluchtunfälle,Verletzte und Getötete,2019,7,81
2019-07-01,Verkehrsunfälle,mit Personenschäden,2019,7,762
2019-08-01,Verkehrsunfälle,insgesamt,2019,8,3214
2019-08-01,Alkoholunfälle,insgesamt,2019,8,31
2019-08-01,Verkehrsunfälle,mit Personenschäden,2019,8,451
2019-08-01,Verkehrsunfälle,Verletzte und Getötete,2019,8,532
2019-08-01,Fluchtunfälle,insgesamt,2019,8,820
2019-08-01,Fluchtunfälle,Verletzte und Getötete,2019,8,37
2019-08-01,Alkoholunfälle,Verletzte und Getötete,2019,8,23
2019-09-01,Verkehrsunfälle,mit Personenschäden,2019,9,533
2019-09-01,Fluchtunfälle,Verletzte und Getötete,2019,9,55
2019-09-01,Fluchtunfälle,insgesamt,2019,9,996
2019-09-01,Alkoholunfälle,insgesamt,2019,9,47
2019-09-01,Verkehrsunfälle,insgesamt,2019,9,4042
2019-09-01,Alkoholunfälle,Verletzte und Getötete,2019,9,20
2019-09-01,Verkehrsunfälle,Verletzte und Getötete,2019,9,609
2019-10-01,Alkoholunfälle,Verletzte und Getötete,2019,10,20
2019-10-01,Fluchtunfälle,insgesamt,2019,10,1088
2019-10-01,Alkoholunfälle,insgesamt,2019,10,45
2019-10-01,Verkehrsunfälle,insgesamt,2019,10,4348
2019-10-01,Verkehrsunfälle,Verletzte und Getötete,2019,10,591
2019-10-01,Verkehrsunfälle,mit Personenschäden,2019,10,500
2019-10-01,Fluchtunfälle,Verletzte und Getötete,2019,10,45
2019-11-01,Alkoholunfälle,Verletzte und Getötete,2019,11,19
2019-11-01,Verkehrsunfälle,mit Personenschäden,2019,11,383
2019-11-01,Fluchtunfälle,Verletzte und Getötete,2019,11,41
2019-11-01,Verkehrsunfälle,insgesamt,2019,11,3805
2019-11-01,Fluchtunfälle,insgesamt,2019,11,967
2019-11-01,Verkehrsunfälle,Verletzte und Getötete,2019,11,453
2019-11-01,Alkoholunfälle,insgesamt,2019,11,29
2019-12-01,Fluchtunfälle,Verletzte und Getötete,2019,12,43
2019-12-01,Alkoholunfälle,insgesamt,2019,12,35
2019-12-01,Verkehrsunfälle,insgesamt,2019,12,3462
2019-12-01,Verkehrsunfälle,mit Personenschäden,2019,12,326
2019-12-01,Verkehrsunfälle,Verletzte und Getötete,2019,12,378
2019-12-01,Fluchtunfälle,insgesamt,2019,12,925
2019-12-01,Alkoholunfälle,Verletzte und Getötete,2019,12,12
2020-01-01,Fluchtunfälle,insgesamt,2020,1,791
2020-01-01,Verkehrsunfälle,mit Personenschäden,2020,1,301
2020-01-01,Alkoholunfälle,insgesamt,2020,1,28
2020-01-01,Fluchtunfälle,Verletzte und Getötete,2020,1,28
2020-01-01,Alkoholunfälle,Verletzte und Getötete,2020,1,11
2020-01-01,Verkehrsunfälle,Verletzte und Getötete,2020,1,360
2020-01-01,Verkehrsunfälle,insgesamt,2020,1,3139
2020-02-01,Verkehrsunfälle,insgesamt,2020,2,3271
2020-02-01,Alkoholunfälle,insgesamt,2020,2,40
2020-02-01,Alkoholunfälle,Verletzte und Getötete,2020,2,19
2020-02-01,Verkehrsunfälle,Verletzte und Getötete,2020,2,355
2020-02-01,Verkehrsunfälle,mit Personenschäden,2020,2,306
2020-02-01,Fluchtunfälle,Verletzte und Getötete,2020,2,34
2020-02-01,Fluchtunfälle,insgesamt,2020,2,870
2020-03-01,Verkehrsunfälle,mit Personenschäden,2020,3,270
2020-03-01,Alkoholunfälle,insgesamt,2020,3,27
2020-03-01,Fluchtunfälle,insgesamt,2020,3,744
2020-03-01,Fluchtunfälle,Verletzte und Getötete,2020,3,33
2020-03-01,Verkehrsunfälle,Verletzte und Getötete,2020,3,334
2020-03-01,Alkoholunfälle,Verletzte und Getötete,2020,3,13
2020-03-01,Verkehrsunfälle,insgesamt,2020,3,2825
2020-04-01,Alkoholunfälle,insgesamt,2020,4,26
2020-04-01,Verkehrsunfälle,mit Personenschäden,2020,4,314
2020-04-01,Verkehrsunfälle,Verletzte und Getötete,2020,4,363
2020-04-01,Fluchtunfälle,insgesamt,2020,4,607
2020-04-01,Alkoholunfälle,Verletzte und Getötete,2020,4,15
2020-04-01,Fluchtunfälle,Verletzte und Getötete,2020,4,34
2020-04-01,Verkehrsunfälle,insgesamt,2020,4,2251
2020-05-01,Alkoholunfälle,Verletzte und Getötete,2020,5,26
2020-05-01,Alkoholunfälle,insgesamt,2020,5,40
2020-05-01,Verkehrsunfälle,mit Personenschäden,2020,5,416
2020-05-01,Verkehrsunfälle,Verletzte und Getötete,2020,5,464
2020-05-01,Fluchtunfälle,insgesamt,2020,5,859
2020-05-01,Verkehrsunfälle,insgesamt,2020,5,3193
2020-05-01,Fluchtunfälle,Verletzte und Getötete,2020,5,34
2020-06-01,Alkoholunfälle,insgesamt,2020,6,49
2020-06-01,Verkehrsunfälle,Verletzte und Getötete,2020,6,585
2020-06-01,Fluchtunfälle,insgesamt,2020,6,905
2020-06-01,Verkehrsunfälle,mit Personenschäden,2020,6,496
2020-06-01,Verkehrsunfälle,insgesamt,2020,6,3380
2020-06-01,Fluchtunfälle,Verletzte und Getötete,2020,6,49
2020-06-01,Alkoholunfälle,Verletzte und Getötete,2020,6,30
2020-07-01,Verkehrsunfälle,insgesamt,2020,7,4031
2020-07-01,Alkoholunfälle,insgesamt,2020,7,58
2020-07-01,Verkehrsunfälle,mit Personenschäden,2020,7,717
2020-07-01,Alkoholunfälle,Verletzte und Getötete,2020,7,43
2020-07-01,Fluchtunfälle,insgesamt,2020,7,1010
2020-07-01,Verkehrsunfälle,Verletzte und Getötete,2020,7,821
2020-07-01,Fluchtunfälle,Verletzte und Getötete,2020,7,58
2020-08-01,Fluchtunfälle,Verletzte und Getötete,2020,8,36
2020-08-01,Verkehrsunfälle,insgesamt,2020,8,3007
2020-08-01,Fluchtunfälle,insgesamt,2020,8,735
2020-08-01,Alkoholunfälle,Verletzte und Getötete,2020,8,29
2020-08-01,Verkehrsunfälle,mit Personenschäden,2020,8,487
2020-08-01,Verkehrsunfälle,Verletzte und Getötete,2020,8,563
2020-08-01,Alkoholunfälle,insgesamt,2020,8,46
2020-09-01,Fluchtunfälle,insgesamt,2020,9,948
2020-09-01,Alkoholunfälle,insgesamt,2020,9,46
2020-09-01,Alkoholunfälle,Verletzte und Getötete,2020,9,24
2020-09-01,Verkehrsunfälle,mit Personenschäden,2020,9,555
2020-09-01,Verkehrsunfälle,insgesamt,2020,9,3659
2020-09-01,Fluchtunfälle,Verletzte und Getötete,2020,9,49
2020-09-01,Verkehrsunfälle,Verletzte und Getötete,2020,9,634
2020-10-01,Verkehrsunfälle,mit Personenschäden,2020,10,489
2020-10-01,Alkoholunfälle,Verletzte und Getötete,2020,10,20
2020-10-01,Verkehrsunfälle,insgesamt,2020,10,3867
2020-10-01,Alkoholunfälle,insgesamt,2020,10,34
2020-10-01,Fluchtunfälle,insgesamt,2020,10,997
2020-10-01,Fluchtunfälle,Verletzte und Getötete,2020,10,50
2020-10-01,Verkehrsunfälle,Verletzte und Getötete,2020,10,566
2020-11-01,Alkoholunfälle,insgesamt,2020,11,23
2020-11-01,Fluchtunfälle,Verletzte und Getötete,2020,11,27
2020-11-01,Fluchtunfälle,insgesamt,2020,11,864
2020-11-01,Alkoholunfälle,Verletzte und Getötete,2020,11,11
2020-11-01,Verkehrsunfälle,mit Personenschäden,2020,11,297
2020-11-01,Verkehrsunfälle,Verletzte und Getötete,2020,11,348
2020-11-01,Verkehrsunfälle,insgesamt,2020,11,3150
2020-12-01,Fluchtunfälle,insgesamt,2020,12,694
2020-12-01,Alkoholunfälle,Verletzte und Getötete,2020,12,9
2020-12-01,Fluchtunfälle,Verletzte und Getötete,2020,12,33
2020-12-01,Verkehrsunfälle,Verletzte und Getötete,2020,12,311
2020-12-01,Verkehrsunfälle,insgesamt,2020,12,2661
2020-12-01,Alkoholunfälle,insgesamt,2020,12,13
2020-12-01,Verkehrsunfälle,mit Personenschäden,2020,12,270
